1000,LD2R,LION QYNO DESEEDED DATES 200GM LD2R 2025Jan18 57,PCS,2025Jan18,2025Jan181000100,57.00,12.00,49.550,100,LION DATES
1000,LD2R,LION QYNO DESEEDED DATES 200GM LD2R 001 58,PCS,001,0011000100,58.00,12.00,54.750,100,LION DATES
1001,LD2C,LION SL 200GMS CUP LD2C 001 82,PCS,001,0011001100,82.00,12.00,71.300,100,LION DATES
1002,LD5C,LION SL 500GMS CUP LD5C do82 162,PCS,do82,do821002100,162.00,12.00,140.850,100,LION DATES
1002,LD5C,LION SL 500GMS CUP LD5C 001 160,PCS,001,0011002100,160.00,12.00,139.150,100,LION DATES
1003,LD5R,LION SL 500GMS REFIL LD5R 2025Jan08 154,PCS,2025Jan08,2025Jan081003100,154.00,12.00,133.900,100,LION DATES
1003,LD5R,LION SL 500GMS REFIL LD5R 001 155,PCS,001,0011003100,155.00,12.00,134.780,100,LION DATES
1004,LSD2,LION QYNO DATES 250GM 1+1+ LSD2 2025Jan18 105,SET,2025Jan18,2025Jan181004100,105.00,12.00,91.300,100,LION DATES
1004,LSD2,LION QYNO DATES 250GM 1+1+ LSD2 001 105,SET,001,0011004100,105.00,12.00,91.300,100,LION DATES
1005,LSD5,LION QYNO DATES 500G 1+1 LSD5 2025Jan18 199,SET,2025Jan18,2025Jan181005100,199.00,12.00,173.000,100,LION DATES
1005,LSD5,LION QYNO DATES 500G 1+1 LSD5 001 199,SET,001,0011005100,199.00,12.00,173.000,100,LION DATES
1006,HD2,LION HONEY DATES 200G HD2 001 120,PCS,001,0011006100,120.00,12.00,104.350,100,LION DATES
1007,DK2C,LION DK 250GM CUP DK2C 2025Mar03 152,PCS,2025Mar03,2025Mar031007100,152.00,12.00,132.120,100,LION DATES
1007,DK2C,LION DK 250GM CUP DK2C 001 152,PCS,001,0011007100,152.00,12.00,132.120,100,LION DATES
1008,DK5C,LION DK 500GMS CUP DK5C 2025Aug20 299,PCS,2025Aug20,2025Aug201008100,299.00,12.00,260.000,100,LION DATES
1008,DK5C,LION DK 500GMS CUP DK5C 001 299,PCS,001,0011008100,299.00,12.00,260.000,100,LION DATES
1009,DK2R,LION DK  250GM REFIL DK2R 001 142,PCS,001,0011009100,142.00,12.00,123.480,100,LION DATES
1010,DK5R,LION DK  500GMS REFIL DK5R 2025Mar17 279,PCS,2025Mar17,2025Mar171010100,279.00,12.00,242.600,100,LION DATES
1010,DK5R,LION DK  500GMS REFIL DK5R 001 279,PCS,001,0011010100,279.00,12.00,242.600,100,LION DATES
1011,LH20,LION HONEY 25ML LH20 001 15,PCS,001,0011011100,15.00,5.00,208.000,100,LION DATES
1012,LH50,LION HONEY 50GMS LH50 001 38,PCS,001,0011012100,38.00,5.00,33.000,100,LION DATES
1013,LH100,LION HONEY 100GMS LH100 001 60,PCS,001,0011013100,60.00,5.00,52.200,100,LION DATES
1014,LH250,LION HONEY 250GMS LH250 2025May22 160,SET,2025May22,2025May221014100,160.00,5.00,139.000,100,LION DATES
1014,LH250,LION HONEY 250GMS LH250 001 160,SET,001,0011014100,160.00,5.00,139.000,100,LION DATES
1015,ASD5C,LION ARABIONDATES500GC ASD5C 001 130,PCS,001,0011015100,130.00,12.00,113.000,100,LION DATES
1016,LH1L,LION HONEY 1 LITTER 1+1 LH1L 001 540,SET,001,0011016100,540.00,5.00,469.500,100,LION DATES
1017,LS2,LION DATES SYRUP 250G LS2 2025Jan26 115,PCS,2025Jan26,2025Jan261017100,115.00,12.00,100.000,100,LION DATES
1017,LS2,LION DATES SYRUP 250G LS2 001 115,PCS,001,0011017100,115.00,12.00,100.000,100,LION DATES
1018,LS5,LION DATES SYRUP 500G LS5 001 220,PCS,001,0011018100,220.00,12.00,191.300,100,LION DATES
1019,ls8,LION DATES SYRUP 1kg ls8 001 378,PCS,001,0011019100,378.00,12.00,334.500,100,LION DATES
1020,LFJ100,LION  FRUIT JAM 125GM LFJ100 001 25,PCS,001,0011020100,25.00,12.00,21.000,100,LION DATES
1021,LFJ2,LION FRUIT JAM 250GM LFJ2 2025May06 120,PCS,2025May06,2025May061021100,120.00,12.00,104.350,100,LION DATES
1021,LFJ2,LION FRUIT JAM 250GM LFJ2 001 120,PCS,001,0011021100,120.00,12.00,104.350,100,LION DATES
1022,LFJ5,LION FRUITS JAM 500GM1+1 LFJ5 001 224,SET,001,0011022100,224.00,12.00,194.750,100,LION DATES
1023,LO7R,LION OATS 700G REF LO7R 001 144,PCS,001,0011023100,144.00,5.00,125.000,100,LION DATES
1024,DK1R,LION DESERT100GR DK1R 00 44,PCS,00,001024100,44.00,12.00,39.750,100,LION DATES
1025,lo1.5,LION OATS 1.500GM R lo1.5 001 292,PCS,001,0011025100,292.00,5.00,253.000,100,LION DATES
1026,1,MUGI ULTRA 500MLCAN 1 001 110,PCS,001,0011026100,110.00,18.00,95.000,124,MUGI
1027,MU1L,MUGI ULTRA 1000ML CAN MU1L 001 240,ATTAI,001,0011027100,240.00,18.00,202.000,124,MUGI
1028,STO175,SAP TRUFFLE ORANGE 490GM STO175 2023Nov26 175,BOX,2023Nov26,2023Nov261028100,175.00,18.00,145.000,123,LOVE CANDY
1028,STO175,SAP TRUFFLE ORANGE 490GM STO175 001 175,BOX,001,0011028100,175.00,18.00,140.000,123,LOVE CANDY
1029,ad90,NY ANDIDANDRUFF 80ML ad90 001 58,PCS,001,0011029100,58.00,18.00,52.750,103,CAVINKARE P LT D
1030,MU1LC,MUGIULTRA1000ML1+1CAN MU1LC 2023Jul18 430,SET,2023Jul18,2023Jul181030100,430.00,18.00,374.000,124,MUGI
1030,MU1LC,MUGIULTRA1000ML1+1CAN MU1LC 001 430,SET,001,0011030100,430.00,18.00,368.000,124,MUGI
1031,MP4,MEERA POWDER 5GM4.00 MP4 001 4,SARAM,001,0011031100,4.00,18.00,70.000,103,CAVINKARE P LT D
1032,MC10P,MEE COCO OIL28ML10.00 P MC10P 001 10,SARAM,001,0011032100,10.00,5.00,96.000,103,CAVINKARE P LT D
1033,KS1,KARTHI SHAM 6MLRED 1.00 KS1 001 1,SARAM,001,0011033100,1.00,18.00,17.000,103,CAVINKARE P LT D
1034,MAW,MUGI  ACTIVE WASH 1800ML MAW 2022Oct31 209,PCS,2022Oct31,2022Oct311034100,209.00,18.00,181.000,124,MUGI
1034,MAW,MUGI  ACTIVE WASH 1800ML MAW 001 209,PCS,001,0011034100,209.00,18.00,181.000,124,MUGI
1035,MRS5,MUGI ROUND BAR 500 GM MRS5 001 60,PCS,001,0011035100,60.00,18.00,48.000,124,MUGI
1036,AN10,AROMA NEY 14ML SARAM AN10 001 10,SARAM,001,0011036100,10.00,12.00,153.000,104,SRI MAHALAKSHMI DAIRY
1037,RGGP,GINGER GARLIC PAST30M RGGP 001 5,SARAM,001,0011037100,5.00,12.00,45.000,103,CAVINKARE P LT D
1038,LPS,LION PINEAPP SQUASH LPS 001 150,PCS,001,0011038100,150.00,12.00,125.000,100,LION DATES
1039,STS3,SAP TRUFFLE STRAWBERY 750G STS3 001 350,BOX,001,0011039100,350.00,18.00,280.000,123,LOVE CANDY
1040,SNS,TOP SETTINADU CHIKEN NOOD 70GM SNS 001 25,PCS,001,0011040100,25.00,12.00,22.750,113,NISSIN TOP RAMEN
1041,MWO,MUGI WIPE OUT500ML MWO 001 98,PCS,001,0011041100,98.00,18.00,70.000,124,MUGI
1042,SBCS,SAIBABA CUP SAMBIRANI SBCS 001 70,PCS,001,0011042100,70.00,5.00,44.000,111,SRI AMMAN AROMATICS
1043,LK,LIODATO KETCHUP500G1-1 LK 001 136,SET,001,0011043100,136.00,12.00,120.000,100,LION DATES
1044,STS175,SAP DOMES STAWBERY 435G STS175 001 175,BOX,001,0011044100,175.00,18.00,145.000,123,LOVE CANDY
1045,KP2,KARTHIKA POWD 5GM 2.00 KP2 2021Dec14 2,SARAM,2021Dec14,2021Dec141045100,2.00,18.00,36.000,103,CAVINKARE P LT D
1045,KP2,KARTHIKA POWD 5GM 2.00 KP2 001 2,SARAM,001,0011045100,2.00,18.00,36.000,103,CAVINKARE P LT D
1046,MDB5,MUGI DISHWASH BAR5.00 MDB5 001 5,PCS,001,0011046100,5.00,18.00,4.150,124,MUGI
1047,SHM5,SENTHUR HEALTH MIX 500G JAR SHM5 001 140,PCS,001,0011047100,140.00,5.00,110.000,130,SENTHUR MASALA
1048,LC2J,CARA LOVE CANDLC 2KG JAR LC2J 001 600,JAR,001,0011048100,600.00,12.00,505.000,123,LOVE CANDY
1049,CS35B,CHIK SAMP BLUCK 35ML CS35B 001 10,PCS,001,0011049100,10.00,18.00,9.000,103,CAVINKARE P LT D
1050,nsr5,NABATI SLIP RICHEESE 5.00 nsr5 001 5,BOX,001,0011050100,5.00,18.00,108.000,118,NAPPATI
1051,TBM,TIT BITS MINIJAR TBM 001 5,JAR,001,0011051100,5.00,18.00,320.000,107,VAANMATHI
1052,GJM,MTRJAMUNMIX 175G 1+1 GJM 2017Jul15 135,SET,2017Jul15,2017Jul151052100,135.00,18.00,120.000,102,M.T.R
1052,GJM,MTRJAMUNMIX 175G 1+1 GJM 001 145,SET,001,0011052100,145.00,18.00,125.000,102,M.T.R
1053,M200,MAA TETRA 160ML M200 001 10,PCS,001,0011053100,10.00,12.00,8.500,122,CAVINKARE P LTD
1054,CS80W,CHIK EGG WHITE 80ML CS80W 001 55,PCS,001,0011054100,55.00,18.00,50.000,103,CAVINKARE P LT D
1055,cs340b,CHIK SHAMP BLUCK 340ML cs340b 2019Apr16 130,PCS,2019Apr16,2019Apr161055100,130.00,18.00,171.000,103,CAVINKARE P LT D
1055,cs340b,CHIK SHAMP BLUCK 340ML cs340b 001 189,PCS,001,0011055100,189.00,18.00,171.000,103,CAVINKARE P LT D
1056,ASD5,LION ARABIAN DATES 500G 1+1 ASD5 2025Jan23 240,SET,2025Jan23,2025Jan231056100,240.00,12.00,208.700,100,LION DATES
1056,ASD5,LION ARABIAN DATES 500G 1+1 ASD5 001 242,SET,001,0011056100,242.00,12.00,210.430,100,LION DATES
1057,AN50P,AROMA NEI 50ML POU AN50P 001 50,PCS,001,0011057100,50.00,12.00,40.000,104,SRI MAHALAKSHMI DAIRY
1058,NN50,NABA NEXTAR BROWNIES 90G50.00 NN50 001 50,PCS,001,0011058100,50.00,18.00,41.680,118,NAPPATI
1059,M2L,MAA JUICE 1.750ML M2L 001 100,PCS,001,0011059100,100.00,12.00,85.000,122,CAVINKARE P LTD
1060,SP50B,SPINZ ENCHANTE55G BLU SP50B 001 55,PCS,001,0011060100,55.00,18.00,50.000,103,CAVINKARE P LT D
1061,CS1W,CHIK 6ML EG WHITE1.00 CS1W 2019Mar05 1,SARAM,2019Mar05,2019Mar051061100,1.00,18.00,16.150,103,CAVINKARE P LT D
1061,CS1W,CHIK 6ML EG WHITE1.00 CS1W 2017Nov22 1,SARAM,2017Nov22,2017Nov221061100,1.00,18.00,16.150,103,CAVINKARE P LT D
1061,CS1W,CHIK 6ML EG WHITE1.00 CS1W 001 1,SARAM,001,0011061100,1.00,18.00,10.250,103,CAVINKARE P LT D
1062,RI,MTR RAVA IDLI 500GM RI 001 150,PCS,001,0011062100,150.00,18.00,134.000,102,M.T.R
1063,RD,MTR RAVADOSA 500GM RD 001 160,PCS,001,0011063100,160.00,18.00,144.000,102,M.T.R
1064,BD,MTR BADAM DRING200GR BD 001 136,PCS,001,0011064100,136.00,18.00,122.000,102,M.T.R
1065,BM,MTR BAYASAM MIX  180GM BM 2023May06 95,PCS,2023May06,2023May061065100,95.00,18.00,85.000,102,M.T.R
1065,BM,MTR BAYASAM MIX  180GM BM 001 95,PCS,001,0011065100,95.00,18.00,85.000,102,M.T.R
1066,cm,MTR CHANNAMASALA 100GM cm 001 100,PCS,001,0011066100,100.00,5.00,88.000,102,M.T.R
1067,BDJ,MTR BADAMDRING 500GM jar BDJ 001 295,PCS,001,0011067100,295.00,18.00,262.000,102,M.T.R
1068,VC2,MTR VERMICELLI 150G VC2 001 18,PCS,001,0011068100,18.00,5.00,15.000,102,M.T.R
1069,NC20,NABA CHOCOWAF 75GM 20.00 NC20 001 20,PCS,001,0011069100,20.00,18.00,17.500,118,NAPPATI
1070,vc1kg,MTR VERMICELLI 850G vc1kg 001 95,PCS,001,0011070100,95.00,5.00,73.000,102,M.T.R
1071,P35,MTR PULIOGARPOW35G P35 001 10,SARAM,001,0011071100,10.00,5.00,102.000,102,M.T.R
1072,EIP,EASTERN IDIYAPPAM POW 500G EIP 001 57,PKT,001,0011072100,57.00,5.00,45.000,101,EASTERN
1073,SB33,SAIBABA BATHI 60G 33.00 SB33 001 33,PCS,001,0011073100,33.00,5.00,25.000,111,SRI AMMAN AROMATICS
1074,LS1L,LION SRRUP 1KG LS1L 001 410,PCS,001,0011074100,410.00,12.00,356.500,100,LION DATES
1075,BDT,MTR BADAM DRINK 180ML TIN BDT 001 60,PCS,001,0011075100,60.00,12.00,52.500,102,M.T.R
1076,MLR,MTR LEMONRICE POW25G MLR 001 15,SARAM,001,0011076100,15.00,5.00,155.000,102,M.T.R
1077,MAD90,MEERA ANTIDANDRUFF80ML MAD90 2022Feb28 73,PCS,2022Feb28,2022Feb281077100,73.00,18.00,66.250,103,CAVINKARE P LT D
1077,MAD90,MEERA ANTIDANDRUFF80ML MAD90 001 79,PCS,001,0011077100,79.00,18.00,72.250,103,CAVINKARE P LT D
1078,MCB,MTR COCONUT BURFI 200GM1+1 MCB 001 198,SHEET,001,0011078100,198.00,5.00,174.000,102,M.T.R
1079,MMTL1P,MUGI MILA TL POUCH 1000ML MMTL1P 001 99,PCS,001,0011079100,99.00,18.00,90.000,124,MUGI
1080,MFB22,MUGI FRESH BLACK 200ML 2+1 MFB22 001 140,SET,001,0011080100,140.00,18.00,130.000,124,MUGI
1081,CTG10,CHIN TOMATO GAR70GM CTG10 001 10,PCS,001,0011081100,10.00,12.00,8.350,103,CAVINKARE P LT D
1082,MFB2,MUGI FRESH BLUE 200ML 2+1 MFB2 001 150,PCS,001,0011082100,150.00,18.00,130.000,124,MUGI
1083,L8,LEVANDAR BATHI 7.00 L8 001 7,PCS,001,0011083100,7.00,5.00,4.250,111,SRI AMMAN AROMATICS
1084,LMS,LION MANGO SQUASH 700ML LMS 001 165,PCS,001,0011084100,165.00,12.00,137.500,100,LION DATES
1085,MR30,CK MILK RUSK 145GM 30.00 MR30 001 30,PCS,001,0011085100,30.00,5.00,26.000,122,CAVINKARE P LTD
1086,LGS,LION GRAPE SQUASH 700ML LGS 001 150,PCS,001,0011086100,150.00,12.00,125.000,100,LION DATES
1087,P15,RKTPINEAPP BATHI 20G P15 001 12,PCS,001,0011087100,12.00,5.00,8.000,111,SRI AMMAN AROMATICS
1088,AJ30,AJAY PRIME 30.00 AJ30 001 30,PCS,001,0011088100,30.00,5.00,25.000,109,AJAY SWASTIK
1089,MR10,CK MILK RUSK56GM 10.00 MR10 001 10,PCS,001,0011089100,10.00,5.00,8.750,122,CAVINKARE P LTD
1090,SB10,SAI BABA BATHI 10.00 SB10 001 10,PCS,001,0011090100,10.00,5.00,8.250,111,SRI AMMAN AROMATICS
1091,SB2,SAI BABA BATHI250G SB2 001 135,PANDAL,001,0011091100,135.00,5.00,95.000,111,SRI AMMAN AROMATICS
1092,MCP5,MTR CHILLI POWDER 500GM MCP5 001 227,PKT,001,0011092100,227.00,5.00,120.000,102,M.T.R
1093,CGP10,CHIN GARLIC PICKLE50GM CGP10 0001 10,PCS,0001,00011093100,10.00,12.00,8.350,103,CAVINKARE P LT D
1094,CS1B,CHIKSHA 6ML BLACK 1.00 CS1B 001 1,SARAM,001,0011094100,1.00,18.00,13.250,103,CAVINKARE P LT D
1095,CS1G,CHIK SHA GREEN 6ML 1.00 CS1G 001 1,SARAM,001,0011095100,1.00,18.00,13.250,103,CAVINKARE P LT D
1096,CS50P,CHIK SHA4GM 50PBLUCK CS50P 001 0.5,SARAM,001,0011096100,0.50,18.00,10.350,103,CAVINKARE P LT D
1097,CME50,CAMPCO MELLOVE ECLAIRS 180G CME50 001 50,PKT,001,0011097100,50.00,12.00,42.000,110,CAMPCO
1098,V1MC,VIP 1MINUTE EXP CAMB APPLICATOR V1MC 001 290,BOX,001,0011098100,290.00,18.00,250.000,106,AVIS HEALTH CARE P LTD
1099,MP,MUGI SPOTLESS 450ml 1+1 MP 001 125,SET,001,0011099100,125.00,18.00,106.000,124,MUGI
1100,RLP3,RUCHI LIME PICKLE 300GM RLP3 2018Sep17 110,PCS,2018Sep17,2018Sep171100100,110.00,12.00,97.000,103,CAVINKARE P LT D
1100,RLP3,RUCHI LIME PICKLE 300GM RLP3 001 110,PCS,001,0011100100,110.00,12.00,97.000,103,CAVINKARE P LT D
1101,CMP1,CHIN MANGOPICKLE 1.00 CMP1 2024Mar06 1,SARAM,2024Mar06,2024Mar061101100,1.00,12.00,16.000,103,CAVINKARE P LT D
1101,CMP1,CHIN MANGOPICKLE 1.00 CMP1 001 1,SARAM,001,0011101100,1.00,12.00,16.000,103,CAVINKARE P LT D
1102,CTG1,CHIN TOMOTOGALIC 1.00 CTG1 001 1,SARAM,001,0011102100,1.00,12.00,16.000,103,CAVINKARE P LT D
1103,LOS,LION ORANGE SQUASH 700ML LOS 001 192,PCS,001,0011103100,192.00,12.00,160.000,100,LION DATES
1104,VV,VANGITU VARAVUM VV 001 1,PCS,001,0011104100,1.00,5.00,0.000,103,CAVINKARE P LT D
1105,LK2,LIO DATOKECTHUP200G1+1 LK2 001 72,PCS,001,0011105100,72.00,12.00,63.750,100,LION DATES
1106,ENC,ALITE NIGHT COIL ENC 2025Apr18 45,PCS,2025Apr18,2025Apr181106100,45.00,18.00,24.250,111,SRI AMMAN AROMATICS
1106,ENC,ALITE NIGHT COIL ENC 2024Jul05 45,PCS,2024Jul05,2024Jul051106100,45.00,18.00,24.250,111,SRI AMMAN AROMATICS
1106,ENC,ALITE NIGHT COIL ENC 001 45,PCS,001,0011106100,45.00,18.00,24.250,111,SRI AMMAN AROMATICS
1107,N905,NIVARAN 90.5.00 5ML5.00 N905 001 5,SARAM,001,0011107100,5.00,12.00,85.000,117,NIVARAN 90
1108,AD180O,NYL ANTIDANDRUFF ONION 180ML AD180O 001 110,PCS,001,0011108100,110.00,18.00,100.000,103,CAVINKARE P LT D
1109,TS,VIJAY TOMATO  SAUSCE1KG TS 001 105,PCS,001,0011109100,105.00,12.00,70.000,112,THENAMOOTHU
1110,TP1,EAS TURMERIC POWDER 100G TP1 001 33,PCS,001,0011110100,33.00,5.00,16.000,101,EASTERN
1111,ER10,CK ELAICHI RUSK 56GM 10.00 ER10 001 10,PCS,001,0011111100,10.00,5.00,8.750,122,CAVINKARE P LTD
1112,NATC,NUTRIYES ATC 100GM NATC 001 60,SET,001,0011112100,60.00,18.00,52.000,116,NUTRIES
1113,MINI,NUTRIYES MINI ATC 50GM 1+1 MINI 2025Mar21 60,SET,2025Mar21,2025Mar211113100,60.00,18.00,50.000,116,NUTRIES
1113,MINI,NUTRIYES MINI ATC 50GM 1+1 MINI 001 60,SET,001,0011113100,60.00,18.00,51.000,116,NUTRIES
1114,NCO10,NABA COCONUT 37G10.00 NCO10 001 10,PCS,001,0011114100,10.00,18.00,8.650,118,NAPPATI
1115,ATC30,NUT WAFERS BISCUIT 37G ATC30 001 10,BOX,001,0011115100,10.00,18.00,120.000,116,NUTRIES
1116,ER30,CK ELAICHI RUSK145GM 30.00 ER30 001 30,PCS,001,0011116100,30.00,5.00,26.000,122,CAVINKARE P LTD
1117,NL2,NUTRINE LPLLIPOP 1265GM JAR NL2 001 460,JAR,001,0011117100,460.00,12.00,400.000,116,NUTRIES
1118,SS,SAP SECRETS TOFFI 600G SS 001 100,PKT,001,0011118100,100.00,12.00,85.000,123,LOVE CANDY
1119,CC5,CK CHOCOLATE CAKE 36GM 5.00 CC5 2025Jun25 5,SARAM,2025Jun25,2025Jun251119100,5.00,18.00,53.000,122,CAVINKARE P LTD
1119,CC5,CK CHOCOLATE CAKE 36GM 5.00 CC5 001 5,SARAM,001,0011119100,5.00,18.00,53.000,122,CAVINKARE P LTD
1121,CPC1,CREAM PUFF CHOCO 100G CPC1 001 30,PKT,001,0011121100,30.00,18.00,26.000,128,IMCO DISTRIBUTORS P LTD
1122,CC2,CREAM CRACKER 200G CC2 001 60,PKT,001,0011122100,60.00,18.00,52.200,128,IMCO DISTRIBUTORS P LTD
1123,NN14,NAPPATI  INSTANT NOODLES NN14 001 14,PCS,001,0011123100,14.00,12.00,12.150,118,NAPPATI
1124,CC1,CREAM CRACKER 120G CC1 001 30,PKT,001,0011124100,30.00,18.00,26.000,128,IMCO DISTRIBUTORS P LTD
1125,fr10,FAIREVER SARAM 8.00 fr10 001 10,SARAM,001,0011125100,10.00,18.00,54.000,103,CAVINKARE P LT D
1126,TB1,TIT BITS 1.00 TB1 001 1,PKT,001,0011126100,1.00,12.00,84.000,107,VAANMATHI
1127,TB10,TITBITS 10.00 TB10 001 10,SARAM,001,0011127100,10.00,12.00,100.000,107,VAANMATHI
1128,MM2,MUNCH MILK200G MM2 001 65,PKT,001,0011128100,65.00,18.00,55.500,128,IMCO DISTRIBUTORS P LTD
1129,N9010,NIVARAN 90 10ML 10.00 N9010 001 10,SARAM,001,0011129100,10.00,12.00,101.000,117,NIVARAN 90
1130,NC10,NABATI CHOCO WAFER37G10.00 NC10 001 10,PCS,001,0011130100,10.00,18.00,8.650,118,NAPPATI
1131,LLP2,NUTRINE LOLLIPOP 2.00 JAR LLP2 001 340,JAR,001,0011131100,340.00,12.00,315.000,130,SENTHUR MASALA
1132,lc200,LOVE CANDY 800G 200.00 jar lc200 001 200,PCS,001,0011132100,200.00,12.00,170.000,123,LOVE CANDY
1133,CS35G,CHIK SAMP 35ML GREEN CS35G 001 10,PCS,001,0011133100,10.00,18.00,9.000,103,CAVINKARE P LT D
1134,MU5C,MUGI ULTRA 500ML CAN 1+1 MU5C 2023Jul18 220,SET,2023Jul18,2023Jul181134100,220.00,18.00,191.000,124,MUGI
1134,MU5C,MUGI ULTRA 500ML CAN 1+1 MU5C 001 220,SET,001,0011134100,220.00,18.00,188.000,124,MUGI
1135,SODC,SAP OPERA DARK COCOA SODC 001 300,PCS,001,0011135100,300.00,18.00,240.000,123,LOVE CANDY
1136,ZB5,ZEERA BITE 5.00 ZB5 001 400,JAR,001,0011136100,400.00,12.00,315.000,107,VAANMATHI
1137,CS80G,CHIK SAMPOO 80ML GREEN CS80G 001 52,PCS,001,0011137100,52.00,18.00,46.500,103,CAVINKARE P LT D
1138,CS80B,CHIIK SAMPOO 80ML BLACK CS80B 001 62,PCS,001,0011138100,62.00,18.00,55.000,103,CAVINKARE P LT D
1139,VIP20,VIP H COLOUR 20ML VIP20 001 51,PCS,001,0011139100,51.00,18.00,47.000,106,AVIS HEALTH CARE P LTD
1140,MSP1,MT SAMBAR POWD100 G MSP1 001 67,PCS,001,0011140100,67.00,5.00,57.000,102,M.T.R
1141,DD20,CAM DAIRY DREAM 20.00 DD20 001 240,BOX,001,0011141100,240.00,18.00,205.000,110,CAMPCO
1142,MBM,MTR BIRYANIMASALA 20G MBM 001 12,SARAM,001,0011142100,12.00,5.00,120.000,102,M.T.R
1143,KG,KARTHISAMP GREEN 6ML KG 001 1,SARAM,001,0011143100,1.00,18.00,17.000,103,CAVINKARE P LT D
1144,NP20,NABATI  PINKLAVA 75GM20.00 NP20 001 20,PCS,001,0011144100,20.00,18.00,17.500,118,NAPPATI
1145,DD40,CAMP DAIRY DREAM 40.00 DD40 001 400,BOX,001,0011145100,400.00,18.00,335.000,110,CAMPCO
1146,n20,NABA CHEESWAFE 75G 20.00 n20 001 20,PCS,001,0011146100,20.00,18.00,17.500,118,NAPPATI
1147,coe,CAMCO ORAN ECLAIRS 450gm coe 001 150,PKT,001,0011147100,150.00,12.00,125.000,110,CAMPCO
1148,CS2,CHENDUR CHILLI SAUCE 200GM CS2 001 38,PCS,001,0011148100,38.00,12.00,25.000,112,THENAMOOTHU
1149,ASD2,LION LAYINA DATES250G 1+1 ASD2 2025Aug11 129,SET,2025Aug11,2025Aug111149100,129.00,12.00,112.170,100,LION DATES
1149,ASD2,LION LAYINA DATES250G 1+1 ASD2 001 129,SET,001,0011149100,129.00,12.00,112.170,100,LION DATES
1150,MAW10,MUGI ACTIVE WASH SOAP 150G MAW10 001 10,PCS,001,0011150100,10.00,18.00,8.000,124,MUGI
1151,LDR2,LION DRY DATES 200G LDR2 001 76,PCS,001,0011151100,76.00,12.00,67.250,100,LION DATES
1152,SBR10,SAIBABA RED BATHI 10.00 SBR10 001 12,PCS,001,0011152100,12.00,5.00,8.000,111,SRI AMMAN AROMATICS
1153,MAW5,MUGI ACVTIVE WASH 460ML MAW5 001 49,PCS,001,0011153100,49.00,18.00,43.000,124,MUGI
1154,BRS10,BLACK ROSE SHAMPOO 10.00 BRS10 001 100,BOX,001,0011154100,100.00,18.00,75.000,125,BLACK ROSE
1155,ATC30C,NUTRICHOCO BISCUITS 30G ATC30C 001 10,PCS,001,0011155100,10.00,18.00,135.000,116,NUTRIES
1156,N8G,NYLE SILK& SMOOTH 800 ML N8G 001 445,PCS,001,0011156100,445.00,18.00,397.500,103,CAVINKARE P LT D
1157,SB1,SAIBABA 100GM BATHI SB1 2020Sep09 55,PCS,2020Sep09,2020Sep091157100,55.00,5.00,40.000,111,SRI AMMAN AROMATICS
1157,SB1,SAIBABA 100GM BATHI SB1 001 63,PCS,001,0011157100,63.00,5.00,40.000,111,SRI AMMAN AROMATICS
1158,LCM,CARAZON MIXING CANDY LCM 001 167,PCS,001,0011158100,167.00,12.00,135.000,123,LOVE CANDY
1159,STO3,SAP TRUFF SELE ORANGE 750GM STO3 001 350,BOX,001,0011159100,350.00,18.00,280.000,123,LOVE CANDY
1160,FTN,CAMP FUN TAN 60.00 FTN 001 600,BOX,001,0011160100,600.00,18.00,487.000,110,CAMPCO
1161,NSS180,NYLE SOFT& SHINY 180ML NSS180 001 105,PCS,001,0011161100,105.00,18.00,95.000,103,CAVINKARE P LT D
1162,BMF2,BHIMA MIXED FRUIT JAM 300GM BMF2 001 60,PCS,001,0011162100,60.00,12.00,52.000,103,CAVINKARE P LT D
1163,ATC30O,NUTRIORANGEBISCUITS 30G ATC30O 001 10,PCS,001,0011163100,10.00,18.00,9.000,116,NUTRIES
1164,NSH8,NYLE STRONG HEALTHY 800ML NSH8 001 445,PCS,001,0011164100,445.00,18.00,404.500,103,CAVINKARE P LT D
1165,NC5,NABATI CHOCO 17G5.00 NC5 001 5,BOX,001,0011165100,5.00,18.00,165.000,118,NAPPATI
1166,HCC,NISS HOT&SPICY CUP CHICKEN 70 GM HCC 001 89,PCS,001,0011166100,89.00,12.00,80.000,113,NISSIN TOP RAMEN
1167,CT1,SPINZ COOL TALC100G CT1 001 68,PCS,001,0011167100,68.00,18.00,61.800,103,CAVINKARE P LT D
1168,BJ,BHIMA MIXED FRUIT JAM 100G BJ 001 25,PCS,001,0011168100,25.00,12.00,20.000,103,CAVINKARE P LT D
1169,NWO150,NUT WAFERS ORANGE 1501+1 NWO150 001 80,SET,001,0011169100,80.00,18.00,68.000,116,NUTRIES
1170,MS3,MEERA SHAMP3.00 MS3 001 3,SARAM,001,0011170100,3.00,18.00,41.250,103,CAVINKARE P LT D
1171,SP20,SPINZ POWDER 15GM SP20 001 5,PCS,001,0011171100,5.00,18.00,4.600,103,CAVINKARE P LT D
1172,VF5,SAAF VEGGI FRUITS WASH 500M VF5 001 99,PCS,001,0011172100,99.00,18.00,87.000,103,CAVINKARE P LT D
1173,MAW8,MUGI ACTIVE WASH 800ML130.00 MAW8 001 130,PCS,001,0011173100,130.00,18.00,113.000,124,MUGI
1174,RCM3,RUCHI CUT MANGO 300GM RCM3 001 110,PCS,001,0011174100,110.00,12.00,96.500,103,CAVINKARE P LT D
1175,NW10,NABATI  MILK VANILLA.10.00 NW10 001 10,PCS,001,0011175100,10.00,18.00,8.650,118,NAPPATI
1176,LO2R,LION OATS 200G LO2R 2025May06 59,PCS,2025May06,2025May061176100,59.00,5.00,51.000,100,LION DATES
1176,LO2R,LION OATS 200G LO2R 001 60,PCS,001,0011176100,60.00,5.00,52.150,100,LION DATES
1177,CGP1,CHIN GARLIC PICKLE 1.00 CGP1 001 1,SARAM,001,0011177100,1.00,12.00,16.000,103,CAVINKARE P LT D
1178,M2,MUGI ULTRA 200ML M2 001 60,PCS,001,0011178100,60.00,18.00,52.500,124,MUGI
1179,BM1,MTR PAYASAM MIX 100GM BM1 2025Jul17 60,PCS,2025Jul17,2025Jul171179100,60.00,18.00,53.500,102,M.T.R
1179,BM1,MTR PAYASAM MIX 100GM BM1 001 60,PCS,001,0011179100,60.00,18.00,53.500,102,M.T.R
1180,SF175,SAP TRUFFLE CHOCO 435GM SF175 001 175,BOX,001,0011180100,175.00,18.00,140.000,123,LOVE CANDY
1181,FRN,FAIREVER NEXT5.5G FRN 001 12,SARAM,001,0011181100,12.00,18.00,127.500,103,CAVINKARE P LT D
1182,CP1,CHINNIS PICLE 1.00 CP1 001 1,SARAM,001,0011182100,1.00,12.00,16.000,103,CAVINKARE P LT D
1183,LJP,MAA LEMON POUCH120M LJP 001 5,PCS,001,0011183100,5.00,12.00,4.250,122,CAVINKARE P LTD
1184,SP1R,SPINZ EXOTIC 120GM SP1R 001 95,PCS,001,0011184100,95.00,18.00,85.000,103,CAVINKARE P LT D
1185,SP1B,SPINZ ENCHANTE120G SP1B 001 95,PCS,001,0011185100,95.00,18.00,85.000,103,CAVINKARE P LT D
1186,CLP1,CHIN LIME PICKLE 1.00 CLP1 001 1,SARAM,001,0011186100,1.00,12.00,16.000,103,CAVINKARE P LT D
1187,FR15,FAIREVER NEXT15g FR15 001 60,PCS,001,0011187100,60.00,18.00,54.500,103,CAVINKARE P LT D
1188,CRM35,CAVINS ROSE FLAVO MILK30.00 CRM35 001 40,PCS,001,0011188100,40.00,12.00,28.500,122,CAVINKARE P LTD
1189,MCP1,MTR CHILLI POWDER 100G MCP1 001 40,PCS,001,0011189100,40.00,5.00,19.000,102,M.T.R
1190,CKJ,CAMPCO KRUST JAR 5.00 CKJ 001 450,JAR,001,0011190100,450.00,18.00,400.000,110,CAMPCO
1191,MSC2,MILK SHORT CAKE200GM MSC2 2023Jul20 50,PCS,2023Jul20,2023Jul201191100,50.00,18.00,43.500,128,IMCO DISTRIBUTORS P LTD
1192,CS,SIVA CUP SAMBRANI CS 001 60,PKT,001,0011192100,60.00,5.00,40.000,111,SRI AMMAN AROMATICS
1193,RGP3,RUCHI GARLI PICKLE 300G RGP3 2021May05 110,PCS,2021May05,2021May051193100,110.00,12.00,97.000,103,CAVINKARE P LT D
1193,RGP3,RUCHI GARLI PICKLE 300G RGP3 001 110,PCS,001,0011193100,110.00,12.00,97.000,103,CAVINKARE P LT D
1194,ERU,ERUMBO ERU 001 16,SARAM,001,0011194100,16.00,18.00,90.000,111,SRI AMMAN AROMATICS
1195,AID25,AJ INDERDENDAL SOFT25. AID25 001 25,PCS,001,0011195100,25.00,5.00,18.000,109,AJAY SWASTIK
1196,LD1R,LION QYNO DESEEDED DATES100GM LD1R do82 32,PCS,do82,do821196100,32.00,12.00,30.600,100,LION DATES
1196,LD1R,LION QYNO DESEEDED DATES100GM LD1R 001 32,PCS,001,0011196100,32.00,12.00,30.350,100,LION DATES
1197,MM2T,MUGI MILA2000ML TOP LOAD MM2T 001 299,PCS,001,0011197100,299.00,18.00,199.000,124,MUGI
1198,BCMP2,BHI CUTMANGO Pi 200G 1+1 BCMP2 001 70,SET,001,0011198100,70.00,12.00,58.000,103,CAVINKARE P LT D
1199,LC167,CARA LOVECANDT S BERY  835GM LC167 001 167,PCS,001,0011199100,167.00,12.00,135.000,123,LOVE CANDY
1200,CAB,CAMBCO ASSORTED  BOX 5.0 CAB 001 480,BOX,001,0011200100,480.00,18.00,418.000,110,CAMPCO
1201,CLP10,CHIN LIME PICKLE 70GM CLP10 001 10,PCS,001,0011201100,10.00,12.00,8.350,103,CAVINKARE P LT D
1202,SCC,SAPP CRISPY CHOCO BAR 5.00 SCC 001 150,BOX,001,0011202100,150.00,18.00,120.000,121,THINDAL MURUGAN DISTRIBUT
1203,MP40,MEERA POWDER 40GM MP40 001 45,PCS,001,0011203100,45.00,18.00,42.000,103,CAVINKARE P LT D
1204,MSC20,MILK SHORT CAKE 75GM MSC20 001 20,PCS,001,0011204100,20.00,18.00,17.750,128,IMCO DISTRIBUTORS P LTD
1205,MP80,MEERA POWDER 80GM P MP80 001 80,PKT,001,0011205100,80.00,18.00,74.000,103,CAVINKARE P LT D
1206,KC1,MTR KASHMIRI CHILLY100G KC1 001 110,PCS,001,0011206100,110.00,5.00,530.000,109,AJAY SWASTIK
1207,MP120,MEERA POWDER 120GMJ MP120 2022Feb08 115,JAR,2022Feb08,2022Feb081207100,115.00,18.00,105.000,103,CAVINKARE P LT D
1207,MP120,MEERA POWDER 120GMJ MP120 001 120,JAR,001,0011207100,120.00,18.00,112.000,103,CAVINKARE P LT D
1208,MS35,MEERA SHAMP00 35ML MS35 2023Apr10 15,PCS,2023Apr10,2023Apr101208100,15.00,18.00,13.650,103,CAVINKARE P LT D
1208,MS35,MEERA SHAMP00 35ML MS35 001 15,PCS,001,0011208100,15.00,18.00,13.750,103,CAVINKARE P LT D
1209,MS80,MEERA SHAMBADAM80ML MS80 001 85,PCS,001,0011209100,85.00,18.00,76.500,103,CAVINKARE P LT D
1210,RMG3,RUC MANGOGINGER 300G RMG3 001 110,PCS,001,0011210100,110.00,12.00,97.000,103,CAVINKARE P LT D
1211,MCC40,CAV MilSAK  GOLD COFFI 200ML 40.00 MCC40 001 40,PCS,001,0011211100,40.00,12.00,30.000,122,CAVINKARE P LTD
1212,EP,EASTERN PAYASAM MIX 300G EP 001 85,PCS,001,0011212100,85.00,18.00,65.000,101,EASTERN
1213,MS180,MEERA SHAMPOO 180ML MS180 2019Aug12 195,PCS,2019Aug12,2019Aug121213100,195.00,18.00,174.500,103,CAVINKARE P LT D
1213,MS180,MEERA SHAMPOO 180ML MS180 001 195,PCS,001,0011213100,195.00,18.00,178.000,103,CAVINKARE P LT D
1214,SBE,SPINZ BADIS EXPLORER75ML SBE 001 95,PCS,001,0011214100,95.00,18.00,65.000,103,CAVINKARE P LT D
1215,RMT3,RUCHI MANGOTHOK 300G RMT3 001 110,PCS,001,0011215100,110.00,12.00,97.000,103,CAVINKARE P LT D
1216,SF,SAPP FRUFFLE 750G CHO SF 001 350,BOX,001,0011216100,350.00,18.00,280.000,123,LOVE CANDY
1217,FR50,FAIREVER 50GM FR50 001 93,PCS,001,0011217100,93.00,18.00,85.250,103,CAVINKARE P LT D
1218,SRCJ,SIVA RUTHRA CUP  SAMBRANI JAR SRCJ 001 240,JAR,001,0011218100,240.00,5.00,115.000,111,SRI AMMAN AROMATICS
1219,NWS150,NUT WAFERS STRAW 150G1+1 NWS150 001 80,SET,001,0011219100,80.00,18.00,68.000,116,NUTRIES
1220,RCM1,RUCHI CUTMANGO100GJAR RCM1 001 22,JAR,001,0011220100,22.00,12.00,19.000,103,CAVINKARE P LT D
1221,NWV150,NUTR WAFERS VANILA 150G1+1 NWV150 001 80,SET,001,0011221100,80.00,18.00,68.000,116,NUTRIES
1222,M600,MAA JUICE 600ML M600 2017Nov15 50,PCS,2017Nov15,2017Nov151222100,50.00,12.00,35.000,122,CAVINKARE P LTD
1222,M600,MAA JUICE 600ML M600 001 50,PCS,001,0011222100,50.00,12.00,35.000,122,CAVINKARE P LTD
1223,NWC150,NUTR WAFERS CHOCO 150G1+1 NWC150 001 80,SET,001,0011223100,80.00,18.00,68.000,116,NUTRIES
1224,CFM,CAVI FLAVOOURED MILK MIXING180ML CFM 001 40,SET,001,0011224100,40.00,12.00,25.000,122,CAVINKARE P LTD
1225,CS180W,CHIK SHA EGG WHITE175ML1+1 CS180W 001 108,SET,001,0011225100,108.00,18.00,98.000,103,CAVINKARE P LT D
1226,BAP2,BHIMA AVAKAA PICKLE 1+1 BAP2 001 50,PCS,001,0011226100,50.00,12.00,43.500,103,CAVINKARE P LT D
1227,SPE,GAR SOAN PAPDI ELAICHI 250 SPE 001 65,PCS,001,0011227100,65.00,5.00,57.000,103,CAVINKARE P LT D
1228,CNV,CUP NOODLES VEGGI 55G CNV 001 55,CUP,001,0011228100,55.00,12.00,50.000,113,NISSIN TOP RAMEN
1229,NP10,NABATI  PINK LAVA37GM10.00 NP10 001 10,PCS,001,0011229100,10.00,18.00,8.650,118,NAPPATI
1230,SOP175,SAP OPERA PISTACHIO 490G 175. SOP175 001 175,BOX,001,0011230100,175.00,18.00,240.000,123,LOVE CANDY
1231,TR140,TOP R MASALA 140GM TR140 001 30,PKT,001,0011231100,30.00,12.00,27.000,113,NISSIN TOP RAMEN
1232,MINIO,NUTRIYES ATC ORANGE 75g 1+1 MINIO 001 60,SET,001,0011232100,60.00,18.00,50.000,116,NUTRIES
1233,SOP3,SAP P OPERA PISTACHIO  840G 300 SOP3 001 300,BOX,001,0011233100,300.00,18.00,240.000,123,LOVE CANDY
1234,CMEE1,CAM MELLOOW ECLAIRS 360GM 1.00 CMEE1 001 100,PKT,001,0011234100,100.00,12.00,85.000,110,CAMPCO
1235,MINIV,NUTRIS MILKVANILA 75g 1+1 MINIV 001 60,SET,001,0011235100,60.00,18.00,50.000,116,NUTRIES
1236,CCE1,CAM CREAMY ECLAIRS 396G 1.00 CCE1 001 100,PKT,001,0011236100,100.00,12.00,85.000,110,CAMPCO
1237,SP15R,SPINZ POWDER ROSE 15GM SP15R 001 5,PCS,001,0011237100,5.00,18.00,4.550,103,CAVINKARE P LT D
1238,MINIC,NUTRIYES ATC CHOCO 75g 1+1 MINIC 001 60,SET,001,0011238100,60.00,18.00,50.000,116,NUTRIES
1239,N8O,NYL DAMAGE REPAIR 800ML N8O 001 445,PCS,001,0011239100,445.00,18.00,401.000,103,CAVINKARE P LT D
1240,GJMT5,MTR GULABJAM TIN500G GJMT5 001 135,PCS,001,0011240100,135.00,5.00,120.000,102,M.T.R
1241,PP100,RKT PINEAPPLE PATHI 100G PP100 001 60,PCS,001,0011241100,60.00,5.00,40.000,111,SRI AMMAN AROMATICS
1242,ECP5,EAST CHILLI POWDER 500GM ECP5 001 227,PKT,001,0011242100,227.00,12.00,150.000,101,EASTERN
1243,MSC35,CAVIN MILKSAK CHOCO180M 35.00 MSC35 001 35,PCS,001,0011243100,35.00,12.00,28.000,122,CAVINKARE P LTD
1244,BCB,BOUNCER CHICKEN BRIY100G BCB 001 70,PCS,001,0011244100,70.00,5.00,64.000,103,CAVINKARE P LT D
1245,MS340,MEERA SAMP 340ML MS340 001 330,PCS,001,0011245100,330.00,18.00,300.000,103,CAVINKARE P LT D
1246,CL25,CAVINS LASSI 180ML CL25 2025Mar12 25,PCS,2025Mar12,2025Mar121246100,25.00,5.00,20.000,122,CAVINKARE P LTD
1246,CL25,CAVINS LASSI 180ML CL25 001 25,PCS,001,0011246100,25.00,5.00,20.000,122,CAVINKARE P LTD
1247,TRC20,TOP CHICCKEN NOODLES 70GM TRC20 001 20,PCS,001,0011247100,20.00,12.00,18.000,113,NISSIN TOP RAMEN
1248,PATC,NUTR PINEAPPLE ATC 100G 1+1 PATC 001 60,SET,001,0011248100,60.00,18.00,52.000,116,NUTRIES
1249,SATC,NUT STRAWBERRY ATC 100G SATC 001 50,PCS,001,0011249100,50.00,18.00,41.600,116,NUTRIES
1250,HSV,NISS HOT SPICY KO VEG 80GM HSV 001 55,PCS,001,0011250100,55.00,12.00,50.000,113,NISSIN TOP RAMEN
1251,VATC,NUTRI VANILLA ATC100G VATC 001 50,PCS,001,0011251100,50.00,18.00,41.600,116,NUTRIES
1252,CATC,NUTRI CHOCO ATC 100G CATC 001 50,PCS,001,0011252100,50.00,18.00,41.600,116,NUTRIES
1254,MATC,NUTR MANGO ATC 100G 1+1 MATC 001 60,SET,001,0011254100,60.00,18.00,52.000,116,NUTRIES
1255,OATC,NUTR ORANGE ATC 100G OATC 001 50,PCS,001,0011255100,50.00,18.00,41.600,116,NUTRIES
1256,LC100,CARA LOVE CANDY 450GM LC100 001 100,PKT,001,0011256100,100.00,12.00,85.000,123,LOVE CANDY
1257,MC10,MEERACOCONUT OIL25MBLU MC10 001 10,PCS,001,0011257100,10.00,5.00,8.000,103,CAVINKARE P LT D
1258,AN2P,AROMA NEI 200 POU AN2P 001 124,PCS,001,0011258100,124.00,12.00,90.000,104,SRI MAHALAKSHMI DAIRY
1259,MAD180,MEER ANTDANDRUFF180ML MAD180 001 205,PCS,001,0011259100,205.00,18.00,186.500,103,CAVINKARE P LT D
1260,KS1B,KARTHIKA SAMP BLACK1.00 KS1B 2021Dec14 1,SARAM,2021Dec14,2021Dec141260100,1.00,18.00,17.250,103,CAVINKARE P LT D
1260,KS1B,KARTHIKA SAMP BLACK1.00 KS1B 001 1,SARAM,001,0011260100,1.00,18.00,17.250,103,CAVINKARE P LT D
1261,NW150,NUTRIYES WAFERS 150GM1+1 NW150 2017Jul27 80,SET,2017Jul27,2017Jul271261100,80.00,18.00,70.000,116,NUTRIES
1262,N90,NIVARAN 90 N90 001 10,SARAM,001,0011262100,10.00,12.00,105.000,103,CAVINKARE P LT D
1263,PL,SAP PASSION LOVE 200G PL 001 50,PCS,001,0011263100,50.00,12.00,42.000,123,LOVE CANDY
1264,LM2,LION MUESLI 250GM LM2 001 140,PCS,001,0011264100,140.00,18.00,121.750,100,LION DATES
1265,CS1,CHICK HANDSANTIZER 2ML CS1 001 1,SARAM,001,0011265100,1.00,18.00,17.250,103,CAVINKARE P LT D
1266,MCO1,MEERA COCONUT OIL100M MCO1 001 39,PCS,001,0011266100,39.00,5.00,35.000,103,CAVINKARE P LT D
1267,SRR,SHIVA RUDRA BATHI 22G SRR 001 12,PCS,001,0011267100,12.00,5.00,8.500,111,SRI AMMAN AROMATICS
1268,SBR,SAIBABA  DHOOP BATHI 22G SBR 001 18,PKT,001,0011268100,18.00,5.00,13.000,111,SRI AMMAN AROMATICS
1269,SRTTJ,SIVARUTTHOOL SAMBARANI JAR SRTTJ 001 40,PCS,001,0011269100,40.00,5.00,22.000,111,SRI AMMAN AROMATICS
1270,MMSC,MUNJI MILK SHORT CAKE MMSC 001 65,PKT,001,0011270100,65.00,18.00,55.500,128,IMCO DISTRIBUTORS P LTD
1271,BBP40,SPINZ BB TAL PINK 40G BBP40 001 65,PCS,001,0011271100,65.00,18.00,59.000,103,CAVINKARE P LT D
1273,EPM,EASTERN PALADA MIX 300GM EPM 001 57,PKT,001,0011273100,57.00,18.00,39.000,101,EASTERN
1274,ID,INDICA 10MINITS POWDER ID 001 21,BOX,001,0011274100,21.00,18.00,190.000,103,CAVINKARE P LT D
1275,ESP50,EAS SAMBAR POWDER 50G ESP50 001 26,PCS,001,0011275100,26.00,5.00,14.500,101,EASTERN
1276,CM1KG,RU BHIMA CUT MANGO1KG CM1KG 001 130,PCS,001,0011276100,130.00,12.00,100.000,103,CAVINKARE P LT D
1277,MSS35,CAVIN MILKSAKE STAW180M 35.00 MSS35 001 35,PCS,001,0011277100,35.00,12.00,28.000,122,CAVINKARE P LTD
1278,MINIM,NUTRIYES ATC MANGO 50G MINIM 001 35,PCS,001,0011278100,35.00,18.00,29.150,116,NUTRIES
1279,BCM5J,BHIMA CUT MANGO 200JAR BCM5J 001 70,JAR,001,0011279100,70.00,12.00,58.000,103,CAVINKARE P LT D
1280,ATC30S,NUTRSTRABERY BISCUITS30 ATC30S 001 10,PCS,001,0011280100,10.00,18.00,9.000,116,NUTRIES
1281,IDC,INDICA DYE CCREEM IDC 001 33,PCS,001,0011281100,33.00,18.00,29.000,103,CAVINKARE P LT D
1283,SB120,SAI BABA BATHI 120G SB120 001 75,PCS,001,0011283100,75.00,5.00,52.000,111,SRI AMMAN AROMATICS
1284,SRB,SIVA SAMBRANI BLACK SRB 001 25,PCS,001,0011284100,25.00,5.00,11.000,111,SRI AMMAN AROMATICS
1285,SPO,GAR SOAN PAPDI ORANGE 250 SPO 001 65,PCS,001,0011285100,65.00,5.00,57.000,103,CAVINKARE P LT D
1286,SR1,SHIVA RUDRA 100GM BATHI SR1 001 55,PCS,001,0011286100,55.00,5.00,40.000,111,SRI AMMAN AROMATICS
1287,MSCP,CAVI MILKSAK CHO POUCH MSCP 001 10,PCS,001,0011287100,10.00,5.00,9.000,122,CAVINKARE P LTD
1288,LHM5,LION HEALTH MIX 500G LHM5 001 190,PKT,001,0011288100,190.00,18.00,165.250,100,LION DATES
1289,MINIS,NUTRI ATC S BERRY 75g 1+1 MINIS 001 60,SET,001,0011289100,60.00,18.00,60.000,116,NUTRIES
1290,bd5,MTR BADAM10G 5.00 bd5 001 5,SARAM,001,0011290100,5.00,18.00,52.000,102,M.T.R
1291,SP15B,SPINZ POWDER BLU5.00 SP15B 001 5,PCS,001,0011291100,5.00,18.00,4.550,103,CAVINKARE P LT D
1292,RMVC,RUCHI MIXVEG URRY 100G RMVC 001 70,PCS,001,0011292100,70.00,5.00,64.000,103,CAVINKARE P LT D
1293,VIP1M,VIP EXPR HAIR COLOUR VIP1M 001 42,PCS,001,0011293100,42.00,18.00,36.000,106,AVIS HEALTH CARE P LTD
1294,CO,MANGO PET 160ML CO 001 10,PCS,001,0011294100,10.00,12.00,8.500,122,CAVINKARE P LTD
1295,AC20,AJAY COMPLETE 20.00 AC20 001 20,PCS,001,0011295100,20.00,5.00,13.500,109,AJAY SWASTIK
1296,LDD2,LION DELICACY DATES 200gm LDD2 2025Mar18 164,PCS,2025Mar18,2025Mar181296100,164.00,12.00,142.600,100,LION DATES
1296,LDD2,LION DELICACY DATES 200gm LDD2 001 164,PCS,001,0011296100,164.00,12.00,142.600,100,LION DATES
1297,lcd10,LION CHO DATES POUCH156G lcd10 2025Jul26 100,PCS,2025Jul26,2025Jul261297100,100.00,18.00,87.000,100,LION DATES
1297,lcd10,LION CHO DATES POUCH156G lcd10 001 100,PCS,001,0011297100,100.00,18.00,87.000,100,LION DATES
1298,GM50,EAS GARAM MASALA 50G GM50 001 38,PCS,001,0011298100,38.00,5.00,22.500,101,EASTERN
1299,ECM1,EAS CHICKEN MASALA 100G ECM1 001 52,PCS,001,0011299100,52.00,5.00,33.000,101,EASTERN
1300,WPL5,WASO POWDER LEMON 500G WPL5 001 32,PCS,001,0011300100,32.00,18.00,26.000,124,MUGI
1301,LHM2,LION  HEALTHMIX 200G LHM2 001 170,SET,001,0011301100,170.00,18.00,147.750,100,LION DATES
1302,MSB40,CAVI MILKSAKBUTTER 180ML 40.00 MSB40 001 40,PCS,001,0011302100,40.00,12.00,32.000,122,CAVINKARE P LTD
1303,MSC30,CAV MILKSAKECHOCO180ML MSC30 001 30,PCS,001,0011303100,30.00,12.00,26.500,122,CAVINKARE P LTD
1304,msa,MILKSHAKE 180ML msa 2025May12 30,PCS,2025May12,2025May121304100,30.00,12.00,26.500,122,CAVINKARE P LTD
1304,msa,MILKSHAKE 180ML msa 001 30,PCS,001,0011304100,30.00,12.00,26.500,122,CAVINKARE P LTD
1305,MSS30,CAVIMILKSAK STAW180ML MSS30 001 30,PCS,001,0011305100,30.00,12.00,26.500,122,CAVINKARE P LTD
1306,MA2L,MUGI ALTRA 2LITTER MA2L 001 398,PCS,001,0011306100,398.00,18.00,331.500,124,MUGI
1307,LFJ1,LION MIXED FRUIT JAM 1KG LFJ1 001 172,JAR,001,0011307100,172.00,12.00,149.500,100,LION DATES
1308,CPL2,CREAM PUP LEMON 200G CPL2 001 60,PKT,001,0011308100,60.00,18.00,52.200,128,IMCO DISTRIBUTORS P LTD
1309,MS2,MEERA SAMPOO 6ML2.00 MS2 001 2,SARAM,001,0011309100,2.00,18.00,35.500,103,CAVINKARE P LT D
1310,FR25,FAIREVER 25GM FR25 001 50,PCS,001,0011310100,50.00,18.00,45.500,103,CAVINKARE P LT D
1311,CKM,CK CUP CAKE MIXING 5.00 CKM 001 5,SARAM,001,0011311100,5.00,18.00,52.500,122,CAVINKARE P LTD
1312,EMM,EAS MUTTON MASALA 100G EMM 001 52,PCS,001,0011312100,52.00,5.00,33.000,101,EASTERN
1313,PMM,CAVI PREMIUM MALT M SHAKE35.00 PMM 001 35,PCS,001,0011313100,35.00,12.00,29.000,122,CAVINKARE P LTD
1314,N8P,NYLE POLLUTION 800MLW N8P 2022Feb08 355,PCS,2022Feb08,2022Feb081314100,355.00,18.00,322.500,103,CAVINKARE P LT D
1314,N8P,NYLE POLLUTION 800MLW N8P 001 355,PCS,001,0011314100,355.00,18.00,322.500,103,CAVINKARE P LT D
1315,STC3,SAP FRUFFLE  MILK COCONUT 720G STC3 001 350,BOX,001,0011315100,350.00,18.00,280.000,123,LOVE CANDY
1316,MSP50,MTR SAMBAR POW 50GM MSP50 001 29,PCS,001,0011316100,29.00,5.00,25.000,102,M.T.R
1317,SPL,SPIN BODY LIVEWIRE 75ML SPL 001 95,PCS,001,0011317100,95.00,18.00,65.000,103,CAVINKARE P LT D
1318,MSB35,CAVI MILKSAK BUTTER 180M 35.00 MSB35 001 35,PCS,001,0011318100,35.00,12.00,28.000,122,CAVINKARE P LTD
1319,FGJ,FRUTO GUAVA JAR FGJ 001 225,JAR,001,0011319100,225.00,12.00,175.000,126,MASCO FOODS
1320,DNB,LION DATES MUT BITES DNB 001 400,BOX,001,0011320100,400.00,12.00,348.000,100,LION DATES
1321,MCW5,MET COMF WASH 500GPOW MCW5 001 33,PCS,001,0011321100,33.00,18.00,23.000,122,CAVINKARE P LTD
1322,LJ,LABAN STRETCHY26G LJ 001 10,PANDAL,001,0011322100,10.00,12.00,250.000,102,M.T.R
1323,O8W,ONE8 WILLOW 18ML O8W 001 75,PCS,001,0011323100,75.00,18.00,60.000,103,CAVINKARE P LT D
1324,SPT,SPINZ BODYS TRAILB 75ML SPT 001 95,PCS,001,0011324100,95.00,18.00,65.000,103,CAVINKARE P LT D
1325,MBB3,MUGI FRESH BLACK3.00 MBB3 001 3,SARAM,001,0011325100,3.00,18.00,25.000,124,MUGI
1326,FJ,NATA FRUIT JELLY 3.00 FJ 2023Jul04 400,PKT,2023Jul04,2023Jul041326100,400.00,12.00,225.000,121,THINDAL MURUGAN DISTRIBUT
1326,FJ,NATA FRUIT JELLY 3.00 FJ 001 400,PKT,001,0011326100,400.00,12.00,225.000,121,THINDAL MURUGAN DISTRIBUT
1327,RGT5,MTR RASOGOLLA TIN 500GM RGT5 001 135,PCS,001,0011327100,135.00,5.00,120.000,102,M.T.R
1328,SSA,EXCELLENCE ASST TOFFEE 600G SSA 001 100,PKT,001,0011328100,100.00,12.00,85.000,123,LOVE CANDY
1329,CNKV,NISS HOT SPICY KOREAN VEG CUP 70G CNKV 001 89,PCS,001,0011329100,89.00,12.00,80.000,113,NISSIN TOP RAMEN
1330,MTR,MTR TOMATO RICEPOW 25G MTR 001 15,SARAM,001,0011330100,15.00,5.00,155.000,102,M.T.R
1331,VC4,MTR VERMICELLI 400G VC4 001 52,PKT,001,0011331100,52.00,5.00,40.000,102,M.T.R
1332,SSP,SPINZ SUN PROTECTION40G SSP 001 100,PCS,001,0011332100,100.00,18.00,88.000,103,CAVINKARE P LT D
1333,O8P,ONE 8 PURE 18ML O8P 001 75,PCS,001,0011333100,75.00,18.00,60.000,103,CAVINKARE P LT D
1334,CCM10,CHIN CUT MANGO 70GM CCM10 2023Apr10 10,PKT,2023Apr10,2023Apr101334100,10.00,12.00,8.250,103,CAVINKARE P LT D
1334,CCM10,CHIN CUT MANGO 70GM CCM10 001 10,PKT,001,0011334100,10.00,12.00,8.350,103,CAVINKARE P LT D
1335,MCP50,MTR CHILLI POWDER 50GM MCP50 001 20,PCS,001,0011335100,20.00,5.00,10.500,109,AJAY SWASTIK
1336,NM10,NABATI MIXING 37GM 10.00 NM10 001 10,PCS,001,0011336100,10.00,18.00,8.650,118,NAPPATI
1339,LMFS,LION MIXEDFRUIT SQUASH LMFS 001 165,PCS,001,0011339100,165.00,12.00,137.500,100,LION DATES
1340,STS,SHIVA RUDRA TT SAMBRANI STS 001 20,PCS,001,0011340100,20.00,5.00,14.000,111,SRI AMMAN AROMATICS
1341,SRW,SIVARU SAMPRANI WHITE SRW 001 27,PCS,001,0011341100,27.00,5.00,13.000,111,SRI AMMAN AROMATICS
1342,LJ15,LION JAM 15GM LJ15 001 2,SARAM,001,0011342100,2.00,12.00,17.000,100,LION DATES
1343,SP50R,SPINSZ EXOTIC 55G ROS SP50R 001 55,PCS,001,0011343100,55.00,18.00,50.000,103,CAVINKARE P LT D
1344,CMT10,CHI MANGO THOKKU 70G10. CMT10 001 10,PKT,001,0011344100,10.00,12.00,8.350,103,CAVINKARE P LT D
1345,NS90G,NYLEL DRYNESS HYDRATION 80ML NS90G 001 57,PCS,001,0011345100,57.00,18.00,52.000,103,CAVINKARE P LT D
1346,NS180G,NYLE DRYNESS HYDRATION 180ML NS180G 001 115,PCS,001,0011346100,115.00,18.00,104.500,103,CAVINKARE P LT D
1347,NS400G,NYLE SILKY& SMOOTH 400ML NS400G 001 269,PCS,001,0011347100,269.00,18.00,244.500,103,CAVINKARE P LT D
1348,MM100,EAS MEAT MASALA 100G MM100 001 46,PCS,001,0011348100,46.00,5.00,31.000,101,EASTERN
1349,NS90O,NYLDAMAGE REPAIR 90M NS90O 001 52,PCS,001,0011349100,52.00,18.00,47.250,103,CAVINKARE P LT D
1350,NS400O,NYL DAMAGE REPAR 400ML NS400O 001 269,PCS,001,0011350100,269.00,18.00,244.500,103,CAVINKARE P LT D
1351,RALP,RCCHI AMLA PIKIL300G RALP 001 70,PCS,001,0011351100,70.00,12.00,61.000,103,CAVINKARE P LT D
1352,TP50,EAS TURMERIC POWDER 50G TP50 001 18,PCS,001,0011352100,18.00,5.00,8.000,101,EASTERN
1353,CS15,CHIK HAND SANITIZER 30M CS15 001 15,PCS,001,0011353100,15.00,18.00,13.250,103,CAVINKARE P LT D
1354,SFC175,SAP TRUF MILK COCONUT 420GM SFC175 001 175,BOX,001,0011354100,175.00,18.00,140.000,123,LOVE CANDY
1355,NSS400,NYLE SOFT& SHINY 400ML NSS400 001 232,PCS,001,0011355100,232.00,18.00,207.500,103,CAVINKARE P LT D
1356,CS180B,CHIK SAM 180M BLUCk CS180B 001 115,PCS,001,0011356100,115.00,18.00,103.000,103,CAVINKARE P LT D
1357,CS180G,CHIK SAMPOO 180ML GREEN CS180G 001 89,PCS,001,0011357100,89.00,18.00,80.900,103,CAVINKARE P LT D
1358,MSS40,CAV MILKSHAK STWBERY 180ML 40.00 MSS40 001 40,PCS,001,0011358100,40.00,12.00,32.000,122,CAVINKARE P LTD
1359,MAD2,MEERA ANTI DANDRUF2.00 MAD2 2019May21 2,SARAM,2019May21,2019May211359100,2.00,18.00,36.000,103,CAVINKARE P LT D
1359,MAD2,MEERA ANTI DANDRUF2.00 MAD2 001 2,SARAM,001,0011359100,2.00,18.00,35.000,103,CAVINKARE P LT D
1360,M25,MUGI ULTRA 25ML M25 001 5,SARAM,001,0011360100,5.00,18.00,40.000,124,MUGI
1361,MSA40,CAVINS MILKSAKE180ML 40.00 MSA40 001 40,PCS,001,0011361100,40.00,12.00,31.000,122,CAVINKARE P LTD
1362,MP1,EAS CORIANDER POWDER 100G MP1 001 30,PCS,001,0011362100,30.00,5.00,17.000,101,EASTERN
1363,MA1LP,MUGI ALTRA 1000ML POUCH MA1LP 001 199,PCS,001,0011363100,199.00,18.00,158.000,124,MUGI
1364,MSV35,CAVI MIILKSAK VENILA180M 35.00 MSV35 001 35,PCS,001,0011364100,35.00,12.00,28.000,122,CAVINKARE P LTD
1365,NS180O,NYLE DAME REPAIR 180ML NS180O 2018Jun11 115,PCS,2018Jun11,2018Jun111365100,115.00,18.00,102.000,103,CAVINKARE P LT D
1365,NS180O,NYLE DAME REPAIR 180ML NS180O 001 125,PCS,001,0011365100,125.00,18.00,114.000,103,CAVINKARE P LT D
1366,NW20,NABATI MILK VANILA20.00 NW20 001 20,PCS,001,0011366100,20.00,18.00,17.500,118,NAPPATI
1367,KS35,KARTHIKA SHAMPOO35ML KS35 2021Dec14 10,PCS,2021Dec14,2021Dec141367100,10.00,18.00,9.150,103,CAVINKARE P LT D
1367,KS35,KARTHIKA SHAMPOO35ML KS35 001 10,PCS,001,0011367100,10.00,18.00,9.150,103,CAVINKARE P LT D
1368,BTG2,BHIMA TOMOGARLIC 200G1+1 BTG2 001 70,SET,001,0011368100,70.00,12.00,58.000,103,CAVINKARE P LT D
1369,KO50,KARTHIKA HAIR OIL 50ML KO50 001 35,PCS,001,0011369100,35.00,18.00,30.000,103,CAVINKARE P LT D
1370,KO100,KATHIKA HAIR OIL 100ML KO100 001 69,PCS,001,0011370100,69.00,18.00,60.000,103,CAVINKARE P LT D
1371,KO2,KARTHIKA HAIR OIL 200ML KO2 001 105,PCS,001,0011371100,105.00,18.00,0.000,103,CAVINKARE P LT D
1372,M500,MAA JUICE 500ML M500 001 40,PCS,001,0011372100,40.00,12.00,30.000,122,CAVINKARE P LTD
1373,MAO,MAA APPLE ORS200ML MAO 001 35,PCS,001,0011373100,35.00,12.00,23.000,122,CAVINKARE P LTD
1374,VFW2,VEGGIES FRUITS WASH6ML VFW2 001 2,SARAM,001,0011374100,2.00,18.00,35.000,103,CAVINKARE P LT D
1375,NS90B,NYLE VALUME ENHANCE 80ML NS90B 001 52,PCS,001,0011375100,52.00,18.00,47.250,103,CAVINKARE P LT D
1376,NS180B,NYLE VOLU ENHANCE180M NS180B 001 125,PCS,001,0011376100,125.00,18.00,113.650,103,CAVINKARE P LT D
1377,NS90P,NYLE SOFT SHINY 80ML NS90P 001 49,PCS,001,0011377100,49.00,18.00,44.500,103,CAVINKARE P LT D
1378,NS180P,NYLE POLLU SHIELD 180M NS180P 001 99,PCS,001,0011378100,99.00,18.00,90.000,103,CAVINKARE P LT D
1379,SC5,CK STAWBERY CAKE36G5.00 SC5 001 5,SARAM,001,0011379100,5.00,18.00,53.000,122,CAVINKARE P LTD
1380,CMEJ,CAM  MILKY JUMBO JAR CMEJ 001 725,JAR,001,0011380100,725.00,12.00,675.000,110,CAMPCO
1381,ldh2,LION DATES HALWA 200GM ldh2 001 89,PCS,001,0011381100,89.00,12.00,77.500,100,LION DATES
1382,NSH400,NYLE STRONG&HEALTHY 400ML NSH400 001 232,PCS,001,0011382100,232.00,18.00,210.500,103,CAVINKARE P LT D
1383,NSH90,NYLE STRONG&HEALTHY 90ML NSH90 2019Nov13 49,PCS,2019Nov13,2019Nov131383100,49.00,18.00,44.500,103,CAVINKARE P LT D
1383,NSH90,NYLE STRONG&HEALTHY 90ML NSH90 001 49,PCS,001,0011383100,49.00,18.00,44.500,103,CAVINKARE P LT D
1384,NS400B,NYLVOLU ENHANCE 400M B NS400B 001 232,PCS,001,0011384100,232.00,18.00,207.250,103,CAVINKARE P LT D
1385,NS400P,NYLE POLLU SHIELD 400M NS400P 2020May20 205,PCS,2020May20,2020May201385100,205.00,18.00,186.500,103,CAVINKARE P LT D
1385,NS400P,NYLE POLLU SHIELD 400M NS400P 001 205,PCS,001,0011385100,205.00,18.00,186.500,103,CAVINKARE P LT D
1386,KS80,KARTHIKA SAMP 80ML KS80 001 52,PCS,001,0011386100,52.00,18.00,47.250,103,CAVINKARE P LT D
1387,NC100,NYS HAND SANITIZER 200M NC100 001 100,PCS,001,0011387100,100.00,18.00,88.000,103,CAVINKARE P LT D
1388,NSH180,NYLE STRONG&HEALTHY 180ML NSH180 001 105,PCS,001,0011388100,105.00,18.00,95.000,103,CAVINKARE P LT D
1389,TR10,TOP R MASALA 50GM TR10 001 10,PCS,001,0011389100,10.00,12.00,9.000,113,NISSIN TOP RAMEN
1390,TR420,TOP R MORE MASALA 360gm TR420 001 88,PCS,001,0011390100,88.00,12.00,80.000,113,NISSIN TOP RAMEN
1391,TRC280,TOP R CHIKEN 280GM TRC280 001 88,PCS,001,0011391100,88.00,12.00,72.000,113,NISSIN TOP RAMEN
1392,TRK280,TOP R CURRY VEG 280GM TRK280 001 110,PCS,001,0011392100,110.00,12.00,100.000,113,NISSIN TOP RAMEN
1393,TR280,TOP R MORE MASALA 240GM TR280 2025Jan30 57,PCS,2025Jan30,2025Jan301393100,57.00,12.00,51.250,113,NISSIN TOP RAMEN
1393,TR280,TOP R MORE MASALA 240GM TR280 001 57,PCS,001,0011393100,57.00,12.00,51.250,113,NISSIN TOP RAMEN
1394,CNM35,CUP NOODLES MASALA 55GM 35.00 CNM35 2022Jan12 55,PCS,2022Jan12,2022Jan121394100,55.00,12.00,50.000,113,NISSIN TOP RAMEN
1395,BBFC,SPINS BB FACE CREAM4GM BBFC 001 10,SARAM,001,0011395100,10.00,18.00,105.500,103,CAVINKARE P LT D
1396,CNMI35,CUP NOODLES MIXING 35.00 CNMI35 001 35,PCS,001,0011396100,35.00,12.00,31.250,113,NISSIN TOP RAMEN
1397,TR560,TOP R MORE MASALA480G TR560 2025Jan30 120,PCS,2025Jan30,2025Jan301397100,120.00,12.00,108.000,113,NISSIN TOP RAMEN
1397,TR560,TOP R MORE MASALA480G TR560 001 120,PCS,001,0011397100,120.00,12.00,109.000,113,NISSIN TOP RAMEN
1398,TRK70,TOP R CURRY VEG 70GM TRK70 001 28,PKT,001,0011398100,28.00,12.00,25.000,113,NISSIN TOP RAMEN
1399,R12,ROSE BATHI 8GM R12 001 12,PCS,001,0011399100,12.00,5.00,8.000,111,SRI AMMAN AROMATICS
1400,ENLS,ELITE NIGHT LIQUID ENLS 001 81,PCS,001,0011400100,81.00,18.00,50.000,111,SRI AMMAN AROMATICS
1401,LRS,LION ROSE SHARBATH 700ML LRS 001 149,PCS,001,0011401100,149.00,18.00,124.000,100,LION DATES
1402,ENLC,ELITE NIGHT LIGUID CAMBO ENLC 001 99,PCS,001,0011402100,99.00,18.00,70.000,111,SRI AMMAN AROMATICS
1403,MCW27,MET COM WAS275G4+P27.00 MCW27 001 27,PCS,001,0011403100,27.00,18.00,23.500,122,CAVINKARE P LTD
1404,IDE,INDICA EASY COLOUR 25ML IDE 001 51,PCS,001,0011404100,51.00,18.00,40.000,103,CAVINKARE P LT D
1405,CAD80,CHIK ANTI DANDRUFF 80ML CAD80 001 45,PCS,001,0011405100,45.00,18.00,40.000,103,CAVINKARE P LT D
1406,RLP1,RUCHI LIMEPIC 100GJAR RLP1 001 22,JAR,001,0011406100,22.00,12.00,18.500,103,CAVINKARE P LT D
1407,HSS,NYLE HAND SANITIZER230M HSS 001 115,PCS,001,0011407100,115.00,18.00,101.000,103,CAVINKARE P LT D
1408,NHS,NYLE LIQUID HAND SOAP NHS 001 45,PCS,001,0011408100,45.00,18.00,39.000,103,CAVINKARE P LT D
1409,M1.2,MAA JUICE 1.200 ML M1.2 001 68,PCS,001,0011409100,68.00,12.00,55.000,122,CAVINKARE P LTD
1410,BTM,BUTTER TOFI MILLK 700G BTM 001 100,PKT,001,0011410100,100.00,12.00,85.000,123,LOVE CANDY
1411,GP75,MUNCH GINGER BIS 75GM GP75 001 20,PKT,001,0011411100,20.00,18.00,17.750,128,IMCO DISTRIBUTORS P LTD
1412,MGW25,METGOLD WHIT400G25.00 MGW25 001 25,PCS,001,0011412100,25.00,18.00,19.250,122,CAVINKARE P LTD
1413,CCS,CAVI COFFEE SHAKE 170ML40.00 CCS 001 40,PCS,001,0011413100,40.00,12.00,32.500,122,CAVINKARE P LTD
1414,MSA35,CAVINS MILK SHAKE 200ML MSA35 001 35,PCS,001,0011414100,35.00,12.00,28.500,122,CAVINKARE P LTD
1415,OJP,MAA ORANGE POUCH120ML OJP 001 5,PCS,001,0011415100,5.00,12.00,4.250,122,CAVINKARE P LTD
1416,BV,BACTO-V 100ML BV 2017Dec13 249,PCS,2017Dec13,2017Dec131416100,249.00,18.00,217.000,103,CAVINKARE P LT D
1417,BR,BLACK ROSE BR 2019Mar18 60,PCS,2019Mar18,2019Mar181417100,60.00,18.00,45.000,125,BLACK ROSE
1417,BR,BLACK ROSE BR 001 60,PCS,001,0011417100,60.00,18.00,45.000,125,BLACK ROSE
1418,VC5,CK VANILLA  CAKE 36G5.00 VC5 001 5,SARAM,001,0011418100,5.00,18.00,53.000,122,CAVINKARE P LTD
1419,AD400,NYLE ANTIDANDRUFF 400M AD400 001 245,PCS,001,0011419100,245.00,18.00,222.500,103,CAVINKARE P LT D
1420,BBC29,SPINZ FAIMESS CREEM29G BBC29 001 130,PCS,001,0011420100,130.00,18.00,118.000,103,CAVINKARE P LT D
1421,PC,PODINA CIPS 15GM PC 001 5,SARAM,001,0011421100,5.00,12.00,51.000,103,CAVINKARE P LT D
1422,MC1,MEERACOCONUTOIL1.00 MC1 001 1,SARAM,001,0011422100,1.00,5.00,34.000,103,CAVINKARE P LT D
1423,LDD5,LION DELICASY DATES 500C LDD5 001 320,PCS,001,0011423100,320.00,12.00,278.250,100,LION DATES
1424,HSK,NISS HOT& SPICY KIMCHI 80G HSK 001 55,JAR,001,0011424100,55.00,12.00,50.000,113,NISSIN TOP RAMEN
1425,CNV35,CUP NOODLES VEGGI 55GM CNV35 001 40,PCS,001,0011425100,40.00,12.00,35.250,113,NISSIN TOP RAMEN
1426,MMFL1LP,MUGI MILA FL 1000ML POUCH MMFL1LP 001 169,PCS,001,0011426100,169.00,18.00,135.000,124,MUGI
1427,SS2,CHENDUR SOYA SQUCE 200GM SS2 001 38,JAR,001,0011427100,38.00,12.00,25.000,112,THENAMOOTHU
1428,LH15,LION HONEY 15GM LH15 2025Feb03 10,BOX,2025Feb03,2025Feb031428100,10.00,5.00,8.500,100,LION DATES
1428,LH15,LION HONEY 15GM LH15 001 10,BOX,001,0011428100,10.00,5.00,139.150,100,LION DATES
1429,ECM50,EAS CHICKEN MASALA 50G ECM50 001 29,PCS,001,0011429100,29.00,5.00,17.000,101,EASTERN
1430,OCM,CAVI ORA CREAMBISCUIT M SAK OCM 001 35,PCS,001,0011430100,35.00,12.00,30.000,122,CAVINKARE P LTD
1431,M250,MAA JUICE 250ML M250 001 20,PCS,001,0011431100,20.00,12.00,14.000,122,CAVINKARE P LTD
1432,CKM5,CHIN KADALAIMITAI 5.00 CKM5 2018Apr04 5,JAR,2018Apr04,2018Apr041432100,5.00,5.00,110.000,103,CAVINKARE P LT D
1434,LC250,CARALOVE CANDY 250G LC250 001 50,PKT,001,0011434100,50.00,12.00,42.000,123,LOVE CANDY
1435,CP10,CHINIS PICKLE 50GM CP10 001 10,PKT,001,0011435100,10.00,12.00,8.250,103,CAVINKARE P LT D
1436,CNCC35,CUP NOODLES CHILLI 78GM 35.00 CNCC35 001 55,CUP,001,0011436100,55.00,12.00,50.000,113,NISSIN TOP RAMEN
1437,CNM,CUP NOODLES MASALA 55G CNM 001 40,PCS,001,0011437100,40.00,12.00,35.000,113,NISSIN TOP RAMEN
1438,CC,CARDEN CIPS 15GM CC 2017Dec13 5,SARAM,2017Dec13,2017Dec131438100,5.00,12.00,51.250,103,CAVINKARE P LT D
1439,SS50,SECRDELUX TOFI 235G SS50 001 50,PKT,001,0011439100,50.00,12.00,42.000,123,LOVE CANDY
1440,RGIP3,RUCHI GINGER PICKLE 300G RGIP3 001 110,PCS,001,0011440100,110.00,12.00,97.000,103,CAVINKARE P LT D
1441,RAP3,RUCHI AVAKAI300G RAP3 001 100,PCS,001,0011441100,100.00,12.00,87.000,103,CAVINKARE P LT D
1442,AD8,NYLE ANTIDANDRUFF 800ML AD8 001 445,PCS,001,0011442100,445.00,18.00,404.000,103,CAVINKARE P LT D
1443,TRFC,TR FIERY CHILLI 280g TRFC 001 80,PCS,001,0011443100,80.00,12.00,71.000,113,NISSIN TOP RAMEN
1444,AJP,APPLE JUICE POUCH 150ML AJP 001 5,PCS,001,0011444100,5.00,12.00,4.250,122,CAVINKARE P LTD
1445,tb5,TITBITS GREEN 5.00 tb5 001 5,PKT,001,0011445100,5.00,12.00,100.000,107,VAANMATHI
1446,AN50J,AROMA NEI 50 JAR AN50J 001 53,JAR,001,0011446100,53.00,12.00,41.000,104,SRI MAHALAKSHMI DAIRY
1447,AN1P,AROMA NEI 100 POU AN1P 001 74,PCS,001,0011447100,74.00,12.00,52.500,104,SRI MAHALAKSHMI DAIRY
1448,M100C,MUGI ULTRA100MLCAN M100C 001 12,PCS,001,0011448100,12.00,18.00,10.000,124,MUGI
1449,AC16,AJAY COMPACT 16.00 AC16 001 16,PCS,001,0011449100,16.00,5.00,10.000,109,AJAY SWASTIK
1450,MF8,MUGI FRESH ROSE800ML MF8 001 195,PCS,001,0011450100,195.00,18.00,167.500,124,MUGI
1451,ME4,MUGI FRESH EXOTICX BLOOM 18ML ME4 001 4,SARAM,001,0011451100,4.00,18.00,32.000,124,MUGI
1452,MM2F,MUGI MILA2000ML FRAND LOAD MM2F 001 379,PCS,001,0011452100,379.00,18.00,235.000,124,MUGI
1453,VIP1,VIP HAIRCOLORSAMP180M VIP1 001 500,PCS,001,0011453100,500.00,18.00,450.000,106,AVIS HEALTH CARE P LTD
1454,AN1L,AROMA NEI 1LT AN1L 001 850,JAR,001,0011454100,850.00,12.00,652.000,104,SRI MAHALAKSHMI DAIRY
1455,LCF,LION CORN FLAKES 400GM LCF 2022Feb08 104,PKT,2022Feb08,2022Feb081455100,104.00,18.00,90.450,100,LION DATES
1455,LCF,LION CORN FLAKES 400GM LCF 001 169,PKT,001,0011455100,169.00,18.00,146.950,100,LION DATES
1456,AN2J,AROMA NEI 200 JAR AN2J 001 185,JAR,001,0011456100,185.00,12.00,141.000,104,SRI MAHALAKSHMI DAIRY
1457,AN1J,AROMA NEI 100 JAR AN1J 001 95,JAR,001,0011457100,95.00,12.00,72.500,104,SRI MAHALAKSHMI DAIRY
1458,KS175,KARTHIKA SAMP 175ML1+1 KS175 001 133,PCS,001,0011458100,133.00,18.00,118.750,103,CAVINKARE P LT D
1459,LS150,LION SYRUP 150ML LS150 001 66,PCS,001,0011459100,66.00,12.00,58.250,100,LION DATES
1460,STH3,SAP TRUF MILCHO HAZELAND 720G STH3 001 350,BOX,001,0011460100,350.00,18.00,240.000,123,LOVE CANDY
1461,CNCH,CUP NOODLES CHICKEN 70GM CNCH 001 55,PCS,001,0011461100,55.00,12.00,50.000,113,NISSIN TOP RAMEN
1462,SBIP1,S BABA INDIAN PINEAPPLE 100G SBIP1 001 75,PCS,001,0011462100,75.00,5.00,50.000,111,SRI AMMAN AROMATICS
1463,SB5,SAIBABA 5.00 SB5 001 6,PCS,001,0011463100,6.00,5.00,4.250,111,SRI AMMAN AROMATICS
1464,MCO75,MEERA HERBALHAIR 75ML MCO75 001 45,PCS,001,0011464100,45.00,18.00,37.500,103,CAVINKARE P LT D
1465,C160,MAA GUAVA TETRA 160M C160 001 10,PCS,001,0011465100,10.00,12.00,8.750,122,CAVINKARE P LTD
1466,AD180L,NYL ANTIDANDRUFF180MlLEMON AD180L 001 110,PCS,001,0011466100,110.00,18.00,100.000,103,CAVINKARE P LT D
1467,ac49,AJAY COMPLETE3PCS49.00 ac49 001 49,ATTAI,001,0011467100,49.00,5.00,33.000,109,AJAY SWASTIK
1468,AF12,AJAI FLEXO JR 12.00 AF12 001 12,PCS,001,0011468100,12.00,5.00,8.000,109,AJAY SWASTIK
1469,AS1R,AJAI PASTE 30GM AS1R 2024Oct26 10,PCS,2024Oct26,2024Oct261469100,10.00,5.00,7.750,109,AJAY SWASTIK
1469,AS1R,AJAI PASTE 30GM AS1R 001 10,PCS,001,0011469100,10.00,5.00,7.750,109,AJAY SWASTIK
1470,LP5,LOOTY  LOLIPOP SARAM 5.00 LP5 001 350,PKT,001,0011470100,350.00,12.00,250.000,126,MASCO FOODS
1471,AS80,AJAY SENSITIVE+ 80.00 AS80 001 80,ATTAI,001,0011471100,80.00,5.00,60.000,109,AJAY SWASTIK
1474,VIP40,VIP HAIR COLOUR40ML VIP40 001 96,PCS,001,0011474100,96.00,18.00,88.000,106,AVIS HEALTH CARE P LTD
1475,LPJ,LOOTY POP2.00 JAR LPJ 001 220,JAR,001,0011475100,220.00,12.00,175.000,126,MASCO FOODS
1476,MRC,MUN RAGICRACKER100G MRC 001 50,PCS,001,0011476100,50.00,18.00,43.500,128,IMCO DISTRIBUTORS P LTD
1477,MOB,MUN TIFIN ONIONBIS120G MOB 001 50,PCS,001,0011477100,50.00,18.00,43.500,128,IMCO DISTRIBUTORS P LTD
1478,MFB5,MUGI FRESH BLUE 500ML POCH MFB5 001 99,PKT,001,0011478100,99.00,18.00,85.000,124,MUGI
1479,MFR2,MUGI FRESH ROSE200ML2+1 MFR2 001 140,SET,001,0011479100,140.00,18.00,120.000,124,MUGI
1480,MR3,MUGI FRESH ROSE20ML MR3 001 3,SARAM,001,0011480100,3.00,18.00,25.000,124,MUGI
1481,MB3,MUGI FRESH BLUE20ML MB3 001 3,SARAM,001,0011481100,3.00,18.00,25.000,124,MUGI
1482,LPE,SRICLEAN LEMON PHENYLE LPE 001 70,PCS,001,0011482100,70.00,18.00,35.000,124,MUGI
1483,LLP,SRICLEAN LEVENDER PHE LLP 001 70,PCS,001,0011483100,70.00,18.00,35.000,124,MUGI
1484,AQS,AJAY QUEST SOFT22.00 AQS 001 22,PCS,001,0011484100,22.00,5.00,16.000,109,AJAY SWASTIK
1485,AQM,AJAR QUEST MEDIUM22.00 AQM 001 22,PCS,001,0011485100,22.00,5.00,16.000,109,AJAY SWASTIK
1486,ABC,AJAY BABY CARE18.00 ABC 001 18,PCS,001,0011486100,18.00,5.00,12.000,109,AJAY SWASTIK
1487,AQH,AJAY QUEST HARD22.00 AQH 001 22,PCS,001,0011487100,22.00,5.00,16.000,109,AJAY SWASTIK
1488,bbc,AJAY BABY CARE16.0 bbc 001 16,PCS,001,0011488100,16.00,5.00,10.000,109,AJAY SWASTIK
1489,AS,AJAY SENSITIVE40.00 AS 001 40,PCS,001,0011489100,40.00,5.00,27.000,109,AJAY SWASTIK
1490,ACJ,AJAYCOMPLETE JUNIOR20. ACJ 001 20,PCS,001,0011490100,20.00,5.00,13.000,109,AJAY SWASTIK
1491,AC11,AJAR COMFORT11.00 AC11 001 11,PCS,001,0011491100,11.00,5.00,7.000,109,AJAY SWASTIK
1492,KPR,KARTHIKA POW 50GM R KPR 001 10,PKT,001,0011492100,10.00,18.00,9.100,103,CAVINKARE P LT D
1493,KPJ,KARTHIKA POW 180GM JAR KPJ 2021Dec14 48,PCS,2021Dec14,2021Dec141493100,48.00,18.00,43.650,103,CAVINKARE P LT D
1493,KPJ,KARTHIKA POW 180GM JAR KPJ 001 65,PCS,001,0011493100,65.00,18.00,60.000,103,CAVINKARE P LT D
1494,BB10,SPINZ BB POW 15G 10.00 BB10 2019May01 10,PCS,2019May01,2019May011494100,10.00,18.00,9.000,103,CAVINKARE P LT D
1494,BB10,SPINZ BB POW 15G 10.00 BB10 001 15,PCS,001,0011494100,15.00,18.00,13.500,103,CAVINKARE P LT D
1495,BB20,SPINZ BB 30GM BB20 001 25,PCS,001,0011495100,25.00,18.00,22.250,103,CAVINKARE P LT D
1496,ECP1,EAS CHILLI POWDER 100G ECP1 001 40,PCS,001,0011496100,40.00,5.00,23.000,101,EASTERN
1497,MDB10,MUGI DISHWA BAR 100G MDB10 001 10,PCS,001,0011497100,10.00,18.00,8.000,124,MUGI
1498,CGBM,CAMPCO GIFT BOX MIXING100.00 CGBM 001 100,PCS,001,0011498100,100.00,12.00,85.000,110,CAMPCO
1499,CME1,CAMPCO MILKY ECLAIRS 360G CME1 001 100,PKT,001,0011499100,100.00,12.00,85.000,110,CAMPCO
1500,RMB,RUCHI MIX VEG BIRYANI100G RMB 001 70,PCS,001,0011500100,70.00,5.00,64.000,103,CAVINKARE P LT D
1501,INM,INDICA NIHIRA KALIMEHANDI INM 001 10,PCS,001,0011501100,10.00,18.00,40.000,103,CAVINKARE P LT D
1502,EBM50,EAS BIRYANI MASALA 50GM EBM50 001 26,PCS,001,0011502100,26.00,5.00,20.000,101,EASTERN
1503,CAM8,SIVA KATPOORAM DAPPA 8.00 CAM8 001 8,JAR,001,0011503100,8.00,18.00,4.500,111,SRI AMMAN AROMATICS
1504,CAM150,SIVACAMPHOR 150.00 CAM150 2023Feb13 150,JAR,2023Feb13,2023Feb131504100,150.00,18.00,100.000,111,SRI AMMAN AROMATICS
1505,CAM20,SIVA CAMPHOR20.00 CAM20 001 20,JAR,001,0011505100,20.00,18.00,10.000,111,SRI AMMAN AROMATICS
1506,CAM30,SIVA CAMPHOR 30.00 CAM30 001 30,JAR,001,0011506100,30.00,18.00,20.000,111,SRI AMMAN AROMATICS
1507,CAM75,SIVACAMPHOR 75.00 CAM75 001 75,JAR,001,0011507100,75.00,18.00,48.000,111,SRI AMMAN AROMATICS
1508,SBR1,SAI BABA SAKTHI RED BATHI 63.00 SBR1 001 63,PCS,001,0011508100,63.00,5.00,40.000,111,SRI AMMAN AROMATICS
1509,NS250,NYLE HAND SANITIZER500M NS250 001 250,PCS,001,0011509100,250.00,18.00,210.000,103,CAVINKARE P LT D
1510,MFM,MUGI FRESH MIXING 18ML MFM 001 3,SARAM,001,0011510100,3.00,18.00,25.000,124,MUGI
1511,MSSP,MILKSAK STRABERY POUCH MSSP 001 10,PCS,001,0011511100,10.00,5.00,9.000,122,CAVINKARE P LTD
1512,BBC15,SPINZBB FAIMESS CREEM15G BBC15 001 72,PCS,001,0011512100,72.00,18.00,65.500,103,CAVINKARE P LT D
1513,BB50,SPINZ BB 50GM BB50 001 65,PCS,001,0011513100,65.00,18.00,59.000,103,CAVINKARE P LT D
1514,BBN1,SPINZ BB POW NATURAL80G BBN1 2018Dec10 110,PCS,2018Dec10,2018Dec101514100,110.00,18.00,100.000,103,CAVINKARE P LT D
1514,BBN1,SPINZ BB POW NATURAL80G BBN1 001 110,PCS,001,0011514100,110.00,18.00,100.000,103,CAVINKARE P LT D
1515,MSK80,MEERA KUNKUDUKAI BADAM 80ML MSK80 001 62,PCS,001,0011515100,62.00,18.00,56.000,103,CAVINKARE P LT D
1516,ECP50,EAS  CHILLI POWDER 50G ECP50 001 21,PCS,001,0011516100,21.00,5.00,12.000,101,EASTERN
1517,lp350,LOOTYLOLIPOP SARAM lp350 001 350,SARAM,001,0011517100,350.00,12.00,250.000,126,MASCO FOODS
1518,RTG3,RUCHI TOMO GRRLIG 300G RTG3 2021Jun28 110,PCS,2021Jun28,2021Jun281518100,110.00,12.00,97.000,103,CAVINKARE P LT D
1518,RTG3,RUCHI TOMO GRRLIG 300G RTG3 001 110,PCS,001,0011518100,110.00,12.00,97.000,103,CAVINKARE P LT D
1519,LNS,LION NANNARI SARBATH 700GM LNS 001 180,PCS,001,0011519100,180.00,18.00,150.000,100,LION DATES
1520,NR,NABATI CHEESEROLLS NR 001 120,001,0011520100,120.00,18.00,104.000,118,NAPPATI
1521,NN5,NABATI NEXTAR 5.00 NN5 001 5,BOX,001,0011521100,5.00,18.00,155.000,118,NAPPATI
1522,N5,NABA CHEESEWAF13G5.00 N5 2020Dec03 5,BOX,2020Dec03,2020Dec031522100,5.00,18.00,165.000,118,NAPPATI
1522,N5,NABA CHEESEWAF13G5.00 N5 001 5,BOX,001,0011522100,5.00,18.00,165.000,118,NAPPATI
1523,IEM,INDICA EASY MINI 30.00 IEM 2019Jun15 25,PCS,2019Jun15,2019Jun151523100,25.00,18.00,21.750,103,CAVINKARE P LT D
1523,IEM,INDICA EASY MINI 30.00 IEM 001 30,PCS,001,0011523100,30.00,18.00,26.000,103,CAVINKARE P LT D
1524,N10,NABATI CHEES WAF37G10.00 N10 001 10,PCS,001,0011524100,10.00,18.00,8.650,118,NAPPATI
1525,CAD1,CHIK ANTIDANRUFF5ML1.00 CAD1 001 1,SARAM,001,0011525100,1.00,18.00,16.000,103,CAVINKARE P LT D
1526,CC20,CAVI MASALA CHAASA 170ML CC20 001 20,PCS,001,0011526100,20.00,5.00,17.000,122,CAVINKARE P LTD
1527,scl50,SAP COFFILAIRS 200G scl50 001 50,PKT,001,0011527100,50.00,12.00,42.000,123,LOVE CANDY
1528,HSC,NISS HOT&SPICY CHEESE HSC 001 55,PCS,001,0011528100,55.00,12.00,50.000,113,NISSIN TOP RAMEN
1529,BTM50,BUTT TOFI MILK  185GM 50.00 BTM50 2017Jul12 50,PKT,2017Jul12,2017Jul121529100,50.00,12.00,42.000,123,LOVE CANDY
1530,CNC35,CUP NOODLES CHICKEN 55G CNC35 2021Sep15 35,PKT,2021Sep15,2021Sep151530100,35.00,12.00,31.250,113,NISSIN TOP RAMEN
1530,CNC35,CUP NOODLES CHICKEN 55G CNC35 2017Nov23 40,PKT,2017Nov23,2017Nov231530100,40.00,12.00,35.000,113,NISSIN TOP RAMEN
1531,LBM,LOVYA BADAM POW MILK 180ML LBM 001 40,PCS,001,0011531100,40.00,12.00,26.000,122,CAVINKARE P LTD
1532,RCP3,RUCHI CITRON PIC 300G RCP3 001 70,PCS,001,0011532100,70.00,12.00,61.000,103,CAVINKARE P LT D
1533,MAW1,MUGI ACTIVE WASH 1000ML POUCH MAW1 001 95,PCS,001,0011533100,95.00,18.00,83.500,124,MUGI
1534,AP2,BHIMA A AVAKA PICKLE AP2 001 50,SET,001,0011534100,50.00,12.00,43.500,103,CAVINKARE P LT D
1535,VIP10,VIP HAIR COLOUR SHAM 10ML VIP10 001 24,PCS,001,0011535100,24.00,18.00,22.000,106,AVIS HEALTH CARE P LTD
1536,FOJ,FRUTEES ORANGE JAR FOJ 001 220,JAR,001,0011536100,220.00,12.00,175.000,126,MASCO FOODS
1537,SDC3R,SAP DOMES CHOCO 720GM PKT SDC3R 001 350,PCS,001,0011537100,350.00,18.00,280.000,123,LOVE CANDY
1538,DD10,CAMCO DARK DELIGHT 10.00 DD10 001 300,BOX,001,0011538100,300.00,18.00,270.000,110,CAMPCO
1539,BSA75,SPIN BODYS ACHEIVER75ML BSA75 001 95,PCS,001,0011539100,95.00,18.00,60.000,103,CAVINKARE P LT D
1540,MT,SPINS MEN TAKER 150ML MT 001 200,PCS,001,0011540100,200.00,18.00,145.000,103,CAVINKARE P LT D
1541,KFM,CAVI KESAR FLAVOURED MILK 180ML KFM 001 35,PCS,001,0011541100,35.00,12.00,27.500,103,CAVINKARE P LT D
1542,IEM15,IBDICA EASY 10ML15.00 IEM15 001 15,PCS,001,0011542100,15.00,18.00,12.750,103,CAVINKARE P LT D
1543,BSEN,BODYSPREY ENCHAN50ML BSEN 001 65,PCS,001,0011543100,65.00,18.00,50.000,103,CAVINKARE P LT D
1544,SMR,SPINZ MEN RIDER150ML SMR 001 200,PCS,001,0011544100,200.00,18.00,145.000,103,CAVINKARE P LT D
1545,BFM,CAVI BADAM FLAVOURED MILK 180ML BFM 001 40,PCS,001,0011545100,40.00,12.00,28.500,103,CAVINKARE P LT D
1546,cbm40,CAVI BELGIAN CHOCOLATR MIL SHAKE cbm40 001 40,PCS,001,0011546100,40.00,12.00,30.650,103,CAVINKARE P LT D
1547,TS2,CHENDUR TOMOTO SAUCE 200GM TS2 001 38,PCS,001,0011547100,38.00,12.00,25.000,112,THENAMOOTHU
1548,KS175BB,KARTHIKA SHAMP  BLACK175ML KS175BB 001 102,PCS,001,0011548100,102.00,18.00,92.500,103,CAVINKARE P LT D
1549,CS35W,CHIK SAMP EGG WHITE 35ML CS35W 001 15,PCS,001,0011549100,15.00,18.00,13.000,103,CAVINKARE P LT D
1550,NM5,NABATI MIXING 5.00 NM5 001 5,BOX,001,0011550100,5.00,18.00,165.000,118,NAPPATI
1551,NCO20,NABATI COCONUT 75GM.20.00 NCO20 001 20,PKT,001,0011551100,20.00,18.00,17.500,118,NAPPATI
1554,CPC2,CREAM PUFF CHOCO 200GM CPC2 001 60,PKT,001,0011554100,60.00,18.00,52.200,128,IMCO DISTRIBUTORS P LTD
1555,CPL1,CREAM PUFF LEMON 100G CPL1 001 30,PKT,001,0011555100,30.00,18.00,26.000,128,IMCO DISTRIBUTORS P LTD
1556,CS25,CHIK HAND SANITIZER 50ML CS25 001 25,PCS,001,0011556100,25.00,18.00,22.000,103,CAVINKARE P LT D
1557,HP,MTR HING POWDER 50GM HP 001 90,PCS,001,0011557100,90.00,5.00,70.000,102,M.T.R
1558,SP10,SPINZ POWDER 30GM SP10 001 10,PCS,001,0011558100,10.00,18.00,9.000,103,CAVINKARE P LT D
1559,AN5J,AROMA NEI 500 JAR AN5J 001 410,JAR,001,0011559100,410.00,12.00,345.000,104,SRI MAHALAKSHMI DAIRY
1560,HKJ,NUTRIYES HAPPY KIDS HKJ 001 5,JAR,001,0011560100,5.00,18.00,150.000,116,NUTRIES
1561,STH175,SAPP TRUFFLE HAZELNUT420.GM STH175 001 175,BOX,001,0011561100,175.00,18.00,145.000,123,LOVE CANDY
1562,MDB21,MUG DETERGENT SOAP 280G 21.00 MDB21 001 21,PCS,001,0011562100,21.00,18.00,17.500,124,MUGI
1563,CMEE50,CAMCO MILKY ECLARAS CMEE50 001 50,PCS,001,0011563100,50.00,12.00,42.000,110,CAMPCO
1564,MM50,EAS MUTTON MASALA50G MM50 001 29,PCS,001,0011564100,29.00,5.00,17.000,101,EASTERN
1565,LDH1,LION DATES HALWA 100GM LDH1 001 40,PCS,001,0011565100,40.00,12.00,36.000,100,LION DATES
1566,AD1.50,NYLE ANTI DANDRUFF 5ML AD1.50 001 1.5,SARAM,001,0011566100,1.50,18.00,25.000,103,CAVINKARE P LT D
1567,ah80,NYLE ANTI HAIRFAL 80ml ah80 001 52,PCS,001,0011567100,52.00,18.00,47.000,103,CAVINKARE P LT D
1568,CN5J,CAVINS GHEE 500ML CN5J 001 310,PCS,001,0011568100,310.00,12.00,269.000,103,CAVINKARE P LT D
1569,KD2,LION KIMJO DATES250G KD2 001 122,PCS,001,0011569100,122.00,12.00,106.000,100,LION DATES
1570,KD5,LION KIMJO DATES 500G KD5 2025Apr16 220,PCS,2025Apr16,2025Apr161570100,220.00,12.00,191.300,100,LION DATES
1570,KD5,LION KIMJO DATES 500G KD5 001 220,PCS,001,0011570100,220.00,12.00,191.300,100,LION DATES
1571,KS175B,KARTHIKA SAMP 175M BLACK KS175B 2021De14 102,PCS,2021De14,2021De141571100,102.00,18.00,92.500,103,CAVINKARE P LT D
1571,KS175B,KARTHIKA SAMP 175M BLACK KS175B 001 102,PCS,001,0011571100,102.00,18.00,92.500,103,CAVINKARE P LT D
1572,KS80B,KARTHIKA SAMP 80ML BLACK KS80B 001 52,PCS,001,0011572100,52.00,18.00,47.250,103,CAVINKARE P LT D
1573,MAD340M,MEERA ANTI DANDRUFF 340ML MAD340M 001 319,PCS,001,0011573100,319.00,18.00,290.000,103,CAVINKARE P LT D
1574,CMLJ,CLASSIC MALT LOLIPOP JAR CMLJ 001 300,JAR,001,0011574100,300.00,12.00,250.000,126,MASCO FOODS
1575,MSV40,CAVI MILKSAK VENILA 180ML40.00 MSV40 001 40,PCS,001,0011575100,40.00,12.00,32.000,122,CAVINKARE P LTD
1576,NHW,NYLE LIQUID HAND SOAPP NHW 001 79,PCS,001,0011576100,79.00,18.00,66.000,103,CAVINKARE P LT D
1577,MFB4,MUGI FRE 400ML BLUE2+1 MFB4 001 220,SET,001,0011577100,220.00,18.00,192.000,124,MUGI
1578,MS5,MUGI DISHWASH BAR 500G MS5 001 47,PCS,001,0011578100,47.00,18.00,37.000,124,MUGI
1579,MM1,MUGI MILA 1LITTER+FRESH  200ML MM1 001 195,PCS,001,0011579100,195.00,18.00,170.000,124,MUGI
1580,A160,MAA APPLE TETRA160ML A160 001 10,PCS,001,0011580100,10.00,12.00,8.500,122,CAVINKARE P LTD
1581,NS100,NYLE HANDSANITIZER100M NS100 2020Jul15 50,PCS,2020Jul15,2020Jul151581100,50.00,18.00,43.500,103,CAVINKARE P LT D
1581,NS100,NYLE HANDSANITIZER100M NS100 001 50,PCS,001,0011581100,50.00,18.00,43.500,103,CAVINKARE P LT D
1582,NS60,NYLE HANSANITIZER 60Ml NS60 001 30,PCS,001,0011582100,30.00,18.00,26.000,103,CAVINKARE P LT D
1583,MSP10,MTR SAMBAR POWDER 20G MSP10 001 10,SARAM,001,0011583100,10.00,5.00,99.000,102,M.T.R
1584,LDHM,LION DATES MULTICRAIN MIX 250G LDHM 001 160,PCS,001,0011584100,160.00,18.00,139.150,100,LION DATES
1585,BMTP2,BHIMA MANGOTHOKKU 200G1+1 BMTP2 001 70,SET,001,0011585100,70.00,12.00,58.000,103,CAVINKARE P LT D
1586,BPM,BHIMA PICKLE MIXING 200G BPM 001 70,SET,001,0011586100,70.00,12.00,58.000,103,CAVINKARE P LT D
1587,nrc5,NABATI SLIP ROASTED CORN5.00 nrc5 001 5,SARAM,001,0011587100,5.00,18.00,105.000,118,NAPPATI
1588,SSA50,SAP EXCELLENCE TOFF185G SSA50 001 50,PCS,001,0011588100,50.00,12.00,42.000,123,LOVE CANDY
1589,BGP2,BHIMA GARLIC PICKLE 200G BGP2 001 70,SET,001,0011589100,70.00,12.00,58.000,103,CAVINKARE P LT D
1590,LTK2,LION TOMA KETCHUP 220G 1+1 LTK2 001 86,SET,001,0011590100,86.00,12.00,76.000,100,LION DATES
1591,MM,MUGI MILA 60ML JAR MM 001 10,SARAM,001,0011591100,10.00,18.00,82.000,124,MUGI
1592,MAD340,MEERA ANTI DANDRUFF 340M MAD340 001 319,PCS,001,0011592100,319.00,18.00,290.000,103,CAVINKARE P LT D
1593,BRS25,BLACK ROSE SHAMPOO BRS25 001 25,PCS,001,0011593100,25.00,18.00,20.000,125,BLACK ROSE
1594,SCM1,SENTHUR CHILLI MASALA 100G P SCM1 001 25,KG,001,0011594100,25.00,5.00,135.000,130,SENTHUR MASALA
1595,MSC40,CAV MILKSAK CHOCO1180ML 40.00 MSC40 001 40,PCS,001,0011595100,40.00,12.00,32.000,122,CAVINKARE P LTD
1596,SIS,SOORYA INCENSE STICKS SIS 001 120,SARAM,001,0011596100,120.00,5.00,90.000,111,SRI AMMAN AROMATICS
1597,SCM2,SENTHUR CHILLI MASALA 100G T SCM2 001 25,KG,001,0011597100,25.00,5.00,135.000,130,SENTHUR MASALA
1598,SCM250,SENTHUR CHILLI MASALA 250G SCM250 001 45,KG,001,0011598100,45.00,5.00,135.000,130,SENTHUR MASALA
1599,SCM5,SENTHUR CHILLI MASALA500GM SCM5 001 100,KG,001,0011599100,100.00,5.00,135.000,130,SENTHUR MASALA
1600,MDG10,MUGI DG SOAP RS.10 MDG10 001 10,PCS,001,0011600100,10.00,18.00,8.500,124,MUGI
1601,CAD180,CHIK ANTI DANDRUFF 175ML CAD180 001 95,PCS,001,0011601100,95.00,18.00,82.000,103,CAVINKARE P LT D
1602,LFJ1KG,LION MIXED FRUIT JAM  1KG LFJ1KG 001 199,PCS,001,0011602100,199.00,12.00,173.000,100,LION DATES
1603,PP1,PARUPU PODI 100G PP1 001 38,PCS,001,0011603100,38.00,5.00,30.000,130,SENTHUR MASALA
1604,SCML,SENTHUR CHILLI MASALA LOOSE SCML 001 150,KG,001,0011604100,150.00,5.00,120.000,130,SENTHUR MASALA
1605,CMLP,CLASIC MALT PLATE LOLIPOP CMLP 001 300,PCS,001,0011605100,300.00,12.00,250.000,126,MASCO FOODS
1606,MM1L,MUGI MILA MATIC TOPLOAD 1LI 1+1 MM1L 2022Jan20 340,SET,2022Jan20,2022Jan201606100,340.00,18.00,295.000,124,MUGI
1606,MM1L,MUGI MILA MATIC TOPLOAD 1LI 1+1 MM1L 001 340,SET,001,0011606100,340.00,18.00,283.000,124,MUGI
1607,MCC,CAVINS COLD COFEE 180ML MCC 001 45,PCS,001,0011607100,45.00,12.00,31.150,122,CAVINKARE P LTD
1608,NP5,NABATI PINKLAVA5.00 NP5 001 5,BOX,001,0011608100,5.00,18.00,165.000,118,NAPPATI
1609,MM55,MUGI MILA 500ML1+1 MM55 001 175,SET,001,0011609100,175.00,18.00,152.000,124,MUGI
1610,BBW1,SPINZ BB TALK WHITE 80G BBW1 001 110,PCS,001,0011610100,110.00,18.00,100.000,103,CAVINKARE P LT D
1611,BBW40,SPINZ BB TALC WHITE 40G BBW40 001 65,PCS,001,0011611100,65.00,18.00,59.000,103,CAVINKARE P LT D
1612,BSB,BIKERS STRONG BOUNCY75M BSB 001 80,PCS,001,0011612100,80.00,18.00,72.750,103,CAVINKARE P LT D
1613,BAD,BIKERS ANDI DANDRUFF 75ML BAD 001 80,PCS,001,0011613100,80.00,18.00,72.750,103,CAVINKARE P LT D
1614,BH,BIKERS HELMET 180ML BH 001 175,PCS,001,0011614100,175.00,18.00,159.000,103,CAVINKARE P LT D
1615,BAD2,BIKERS ANTI DANDRUFF 4.5M BAD2 001 2,SARAM,001,0011615100,2.00,18.00,34.000,103,CAVINKARE P LT D
1616,BH2,BIKERS HEMET 4.5G 2.00 BH2 2021Dec14 2,SARAM,2021Dec14,2021Dec141616100,2.00,18.00,34.000,103,CAVINKARE P LT D
1617,BSB2,BIKERS STRONG BOUNCY4.5G 2.00 BSB2 001 2,SARAM,001,0011617100,2.00,18.00,34.000,103,CAVINKARE P LT D
1618,BBP25,SPINZ BB TA LK PINK 25G 25.00 BBP25 001 25,PCS,001,0011618100,25.00,18.00,22.250,103,CAVINKARE P LT D
1619,BBW25,SPINZ BB VAITE25G BBW25 001 25,PCS,001,0011619100,25.00,18.00,22.250,103,CAVINKARE P LT D
1620,LCD750,LIO CHO DATES BADAM 75PCSJAR LCD750 001 750,JAR,001,0011620100,750.00,18.00,660.000,100,LION DATES
1621,tb2,TIT BITES 2.00 tb2 5.00 100,SARAM,5.00,5.001621100,100.00,12.00,85.000,107,VAANMATHI
1622,CRM,CAVI RABDI MILKSAK 180MLTIN CRM 001 60,PCS,001,0011622100,60.00,12.00,47.000,122,CAVINKARE P LTD
1623,CBM,CAVI BADAM FLAVOURED MILK 175ML CBM 001 40,PCS,001,0011623100,40.00,12.00,27.500,122,CAVINKARE P LTD
1624,MCS35,CAVI COFFEE SHAKE 170ML35.00 MCS35 001 35,PCS,001,0011624100,35.00,12.00,29.000,122,CAVINKARE P LTD
1625,LH400,LION HONEY 400GM 1+1 LH400 001 270,SET,001,0011625100,270.00,5.00,234.780,100,LION DATES
1626,NN10,NABATI NEXTAR NN10 001 10,PCS,001,0011626100,10.00,18.00,8.750,118,NAPPATI
1627,NCS10,NABATI CREAM SANDWICH 49GM NCS10 001 10,PCS,001,0011627100,10.00,18.00,8.500,118,NAPPATI
1628,HS,NISS HOT& SPICY KO CHI 80G HS 001 55,PCS,001,0011628100,55.00,12.00,50.000,113,NISSIN TOP RAMEN
1629,CNC50,TOP CUP NOODLIS CUILLI 71GM 55.00 CNC50 001 55,PCS,001,0011629100,55.00,12.00,50.000,113,NISSIN TOP RAMEN
1630,CPA1,RUCHI PICKLE ASSATART1.00 CPA1 001 1,SARAM,001,0011630100,1.00,12.00,9.500,103,CAVINKARE P LT D
1631,ESB5,EAS CHEMBA PUTTU 500GM ESB5 001 56,PKT,001,0011631100,56.00,5.00,40.000,101,EASTERN
1632,EWP,EAS PUTTUPOWDER 500G EWP 001 56,PKT,001,0011632100,56.00,5.00,45.000,101,EASTERN
1633,MBBM,MTR BAJJI BONDA MIX200GM1+1 MBBM 001 84,SET,001,0011633100,84.00,18.00,67.000,102,M.T.R
1634,MMP,MTR MYSORE PAK1+1 MMP 001 198,SET,001,0011634100,198.00,5.00,174.000,102,M.T.R
1635,CMM,CAM  MILK MARVEL 60.00 CMM 001 600,BOX,001,0011635100,600.00,18.00,487.000,110,CAMPCO
1636,STM,SAP TRUFFLE MANGO 440GM STM 001 175,BOX,001,0011636100,175.00,18.00,140.000,123,LOVE CANDY
1637,SDM3R,SAPP DOMES MILK 700GM PKT SDM3R 001 350,PKT,001,0011637100,350.00,18.00,280.000,123,LOVE CANDY
1638,SDS3R,SAPP DOMES STRAW 700GM PKT SDS3R 001 350,PKT,001,0011638100,350.00,18.00,280.000,123,LOVE CANDY
1639,SDC3B,SAPP DOMES CHOCO 720GM BOX SDC3B 001 350,BOX,001,0011639100,350.00,18.00,280.000,123,LOVE CANDY
1640,SDH3,SAP DOMES HAZELNUT720G SDH3 001 350,BOX,001,0011640100,350.00,18.00,240.000,123,LOVE CANDY
1641,SDO175,SAP DOMES ORANGE 455GM SDO175 001 175,BOX,001,0011641100,175.00,12.00,145.000,123,LOVE CANDY
1642,NM20,NABATI MIXING 20.00 NM20 001 20,PCS,001,0011642100,20.00,18.00,17.500,118,NAPPATI
1643,SDC175,SAP DOMES CHOCO 420G175 SDC175 001 175,BOX,001,0011643100,175.00,18.00,145.000,123,LOVE CANDY
1644,SDH175,SAP DOMES HAZELNUT420G 175 SDH175 001 175,BOX,001,0011644100,175.00,18.00,145.000,123,LOVE CANDY
1645,300M,SAP CHOCALAITE 750G MIXNG 300M 001 350,BOX,001,0011645100,350.00,18.00,280.000,123,LOVE CANDY
1646,M175,SAP CHOCOLAITE 435.GM MIXING M175 001 175,BOX,001,0011646100,175.00,18.00,140.000,123,LOVE CANDY
1647,SSS2,VAIJAJ SOYA SAUCE SSS2 001 38,BOX,001,0011647100,38.00,12.00,25.000,112,THENAMOOTHU
1648,b1,MRB DIPRENS AMOUNT b1 001 0,PCS,001,0011648100,0.00,5.00,0.000,109,AJAY SWASTIK
1649,B,BOVONTO B 0001 40,PCS,0001,00011649100,40.00,40.00,35.420,109,AJAY SWASTIK
1650,b2,BOVONTO2 b2 0001 50,PCS,0001,00011650100,50.00,40.00,215.600,109,AJAY SWASTIK
1651,b3,MRB DIPRENS b3 0001 0,PCS,0001,00011651100,0.00,5.00,0.000,109,AJAY SWASTIK
1652,b4,BOVONTO4 b4 0001 0,PCS,0001,00011652100,0.00,5.00,0.000,109,AJAY SWASTIK
